en,vi,description
absorb,thấm, hút nước, hấp thụ.,Nguồn: Elementary School Science - http://steinhardt.nyu.edu/scmsAdmin/media/users/xr1/glossaries/Science/Elementary/ele_4_science_vietnamese.pdf
acceleration,"sự thúc giục, làm cho mau thêm.",Nguồn: Elementary School Science - http://steinhardt.nyu.edu/scmsAdmin/media/users/xr1/glossaries/Science/Elementary/ele_4_science_vietnamese.pdf
acid rain,mưa át-xít,Nguồn: Elementary School Science - http://steinhardt.nyu.edu/scmsAdmin/media/users/xr1/glossaries/Science/Elementary/ele_4_science_vietnamese.pdf
adapt,làm thích nghi, lắp ráp vào.,Nguồn: Elementary School Science - http://steinhardt.nyu.edu/scmsAdmin/media/users/xr1/glossaries/Science/Elementary/ele_4_science_vietnamese.pdf
adaptation,sự thích nghi, sự lắp ráp.,Nguồn: Elementary School Science - http://steinhardt.nyu.edu/scmsAdmin/media/users/xr1/glossaries/Science/Elementary/ele_4_science_vietnamese.pdf
adjust,điều chỉnh, thích nghi.,Nguồn: Elementary School Science - http://steinhardt.nyu.edu/scmsAdmin/media/users/xr1/glossaries/Science/Elementary/ele_4_science_vietnamese.pdf
adult,người lớn.,Nguồn: Elementary School Science - http://steinhardt.nyu.edu/scmsAdmin/media/users/xr1/glossaries/Science/Elementary/ele_4_science_vietnamese.pdf
air pressure,áp suất không khí.,Nguồn: Elementary School Science - http://steinhardt.nyu.edu/scmsAdmin/media/users/xr1/glossaries/Science/Elementary/ele_4_science_vietnamese.pdf
air resistance,sự cản không khí.,Nguồn: Elementary School Science - http://steinhardt.nyu.edu/scmsAdmin/media/users/xr1/glossaries/Science/Elementary/ele_4_science_vietnamese.pdf
alto,giọng cao trung bình (giọng ca sỹ),Nguồn: Elementary School Science - http://steinhardt.nyu.edu/scmsAdmin/media/users/xr1/glossaries/Science/Elementary/ele_4_science_vietnamese.pdf
amount,số lượng, lên đến, có nghĩa là, chẳng khác gì là.,Nguồn: Elementary School Science - http://steinhardt.nyu.edu/scmsAdmin/media/users/xr1/glossaries/Science/Elementary/ele_4_science_vietnamese.pdf
amphibian,loài lưỡng cư, súc vật (hoặc xe cộ) có thể sống (hoặc chạy) cả dưới nước lẫn trên bờ.,Nguồn: Elementary School Science - http://steinhardt.nyu.edu/scmsAdmin/media/users/xr1/glossaries/Science/Elementary/ele_4_science_vietnamese.pdf
analyze,phân tích.,Nguồn: Elementary School Science - http://steinhardt.nyu.edu/scmsAdmin/media/users/xr1/glossaries/Science/Elementary/ele_4_science_vietnamese.pdf
anemometer,máy đo tốc độ gió (khí tượng).,Nguồn: Elementary School Science - http://steinhardt.nyu.edu/scmsAdmin/media/users/xr1/glossaries/Science/Elementary/ele_4_science_vietnamese.pdf
apply,ứng dụng,Nguồn: Elementary School Science - http://steinhardt.nyu.edu/scmsAdmin/media/users/xr1/glossaries/Science/Elementary/ele_4_science_vietnamese.pdf
arrange,"sắp xếp, xếp đặt.",Nguồn: Elementary School Science - http://steinhardt.nyu.edu/scmsAdmin/media/users/xr1/glossaries/Science/Elementary/ele_4_science_vietnamese.pdf
artery,"động mạch, đường giao thông chính.",Nguồn: Elementary School Science - http://steinhardt.nyu.edu/scmsAdmin/media/users/xr1/glossaries/Science/Elementary/ele_4_science_vietnamese.pdf
arthropod,loài động vật chân có đốt.,Nguồn: Elementary School Science - http://steinhardt.nyu.edu/scmsAdmin/media/users/xr1/glossaries/Science/Elementary/ele_4_science_vietnamese.pdf
asteroid,hình sao, hành tinh nhỏ, pháo hoa có hình sao,Nguồn: Elementary School Science - http://steinhardt.nyu.edu/scmsAdmin/media/users/xr1/glossaries/Science/Elementary/ele_4_science_vietnamese.pdf
atmosphere,bầu khí quyển.,Nguồn: Elementary School Science - http://steinhardt.nyu.edu/scmsAdmin/media/users/xr1/glossaries/Science/Elementary/ele_4_science_vietnamese.pdf
atom,nguyên tử.,Nguồn: Elementary School Science - http://steinhardt.nyu.edu/scmsAdmin/media/users/xr1/glossaries/Science/Elementary/ele_4_science_vietnamese.pdf
axis,trục, đốt xương cổ thứ hai.,Nguồn: Elementary School Science - http://steinhardt.nyu.edu/scmsAdmin/media/users/xr1/glossaries/Science/Elementary/ele_4_science_vietnamese.pdf
balance,cân bằng, sự cân bằng,Nguồn: Elementary School Science - http://steinhardt.nyu.edu/scmsAdmin/media/users/xr1/glossaries/Science/Elementary/ele_4_science_vietnamese.pdf
balanced forces,các lực cân bằng.,Nguồn: Elementary School Science - http://steinhardt.nyu.edu/scmsAdmin/media/users/xr1/glossaries/Science/Elementary/ele_4_science_vietnamese.pdf
bar graph,biểu đồ dọc.,Nguồn: Elementary School Science - http://steinhardt.nyu.edu/scmsAdmin/media/users/xr1/glossaries/Science/Elementary/ele_4_science_vietnamese.pdf
barometer,phong vũ biểu, khí áp biểu.,Nguồn: Elementary School Science - http://steinhardt.nyu.edu/scmsAdmin/media/users/xr1/glossaries/Science/Elementary/ele_4_science_vietnamese.pdf
battery,pin, bình ắc qui,Nguồn: Elementary School Science - http://steinhardt.nyu.edu/scmsAdmin/media/users/xr1/glossaries/Science/Elementary/ele_4_science_vietnamese.pdf
behavior,hành vi, thái độ, tư cách, cách vận chuyển (kỹ thuật),Nguồn: Elementary School Science - http://steinhardt.nyu.edu/scmsAdmin/media/users/xr1/glossaries/Science/Elementary/ele_4_science_vietnamese.pdf
beneficial,tính ích lợi, có ích lợi.,Nguồn: Elementary School Science - http://steinhardt.nyu.edu/scmsAdmin/media/users/xr1/glossaries/Science/Elementary/ele_4_science_vietnamese.pdf
best,tốt nhất, hay nhất, đẹp nhất, cái tốt nhất.,Nguồn: Elementary School Science - http://steinhardt.nyu.edu/scmsAdmin/media/users/xr1/glossaries/Science/Elementary/ele_4_science_vietnamese.pdf
bird,con chim, người kỳ dị, đàn bà nhẹ dạ.,Nguồn: Elementary School Science - http://steinhardt.nyu.edu/scmsAdmin/media/users/xr1/glossaries/Science/Elementary/ele_4_science_vietnamese.pdf
blink,chớp mắt, nháy mắt, ánh lửa chập chờn.,Nguồn: Elementary School Science - http://steinhardt.nyu.edu/scmsAdmin/media/users/xr1/glossaries/Science/Elementary/ele_4_science_vietnamese.pdf
block,"khối lớn, cục lớn (đá, sắt, v.v.), thớt cây, sự cản trở.",Nguồn: Elementary School Science - http://steinhardt.nyu.edu/scmsAdmin/media/users/xr1/glossaries/Science/Elementary/ele_4_science_vietnamese.pdf
blood tissue,mô máu,Nguồn: Elementary School Science - http://steinhardt.nyu.edu/scmsAdmin/media/users/xr1/glossaries/Science/Elementary/ele_4_science_vietnamese.pdf
blood vessel,mạch máu.,Nguồn: Elementary School Science - http://steinhardt.nyu.edu/scmsAdmin/media/users/xr1/glossaries/Science/Elementary/ele_4_science_vietnamese.pdf
bone tissue,mô xương.,Nguồn: Elementary School Science - http://steinhardt.nyu.edu/scmsAdmin/media/users/xr1/glossaries/Science/Elementary/ele_4_science_vietnamese.pdf
brain,não bộ.,Nguồn: Elementary School Science - http://steinhardt.nyu.edu/scmsAdmin/media/users/xr1/glossaries/Science/Elementary/ele_4_science_vietnamese.pdf
bronchi,cuống phổi,Nguồn: Elementary School Science - http://steinhardt.nyu.edu/scmsAdmin/media/users/xr1/glossaries/Science/Elementary/ele_4_science_vietnamese.pdf
buoyant force,lực nổi. (giống như sức đẩy Archimede).,Nguồn: Elementary School Science - http://steinhardt.nyu.edu/scmsAdmin/media/users/xr1/glossaries/Science/Elementary/ele_4_science_vietnamese.pdf
calculator,máy tính,Nguồn: Elementary School Science - http://steinhardt.nyu.edu/scmsAdmin/media/users/xr1/glossaries/Science/Elementary/ele_4_science_vietnamese.pdf
camera,máy chụp hình.,Nguồn: Elementary School Science - http://steinhardt.nyu.edu/scmsAdmin/media/users/xr1/glossaries/Science/Elementary/ele_4_science_vietnamese.pdf
camouflage,sự che giấu, sự ngụy trang.,Nguồn: Elementary School Science - http://steinhardt.nyu.edu/scmsAdmin/media/users/xr1/glossaries/Science/Elementary/ele_4_science_vietnamese.pdf
capillary,ống mao dẫn, mao quản, mao mạch.,Nguồn: Elementary School Science - http://steinhardt.nyu.edu/scmsAdmin/media/users/xr1/glossaries/Science/Elementary/ele_4_science_vietnamese.pdf
carnivore,loài ăn thịt, cây ăn sâu bọ.,Nguồn: Elementary School Science - http://steinhardt.nyu.edu/scmsAdmin/media/users/xr1/glossaries/Science/Elementary/ele_4_science_vietnamese.pdf
caterpillar,"sâu, bướm, người tham tàn (nghĩa bóng).",Nguồn: Elementary School Science - http://steinhardt.nyu.edu/scmsAdmin/media/users/xr1/glossaries/Science/Elementary/ele_4_science_vietnamese.pdf
cell,tế bào.,Nguồn: Elementary School Science - http://steinhardt.nyu.edu/scmsAdmin/media/users/xr1/glossaries/Science/Elementary/ele_4_science_vietnamese.pdf
cell membrane,màng tế bào,Nguồn: Elementary School Science - http://steinhardt.nyu.edu/scmsAdmin/media/users/xr1/glossaries/Science/Elementary/ele_4_science_vietnamese.pdf
cell wall,vách tế bào.,Nguồn: Elementary School Science - http://steinhardt.nyu.edu/scmsAdmin/media/users/xr1/glossaries/Science/Elementary/ele_4_science_vietnamese.pdf
Celsius (Co),độ C (độ Celsius).,Nguồn: Elementary School Science - http://steinhardt.nyu.edu/scmsAdmin/media/users/xr1/glossaries/Science/Elementary/ele_4_science_vietnamese.pdf
centimeter (cm),xen-ti-mét (1/100 meter),Nguồn: Elementary School Science - http://steinhardt.nyu.edu/scmsAdmin/media/users/xr1/glossaries/Science/Elementary/ele_4_science_vietnamese.pdf
central nervous system,hệ thống thần kinh trung ương,Nguồn: Elementary School Science - http://steinhardt.nyu.edu/scmsAdmin/media/users/xr1/glossaries/Science/Elementary/ele_4_science_vietnamese.pdf
change,thay đổi,Nguồn: Elementary School Science - http://steinhardt.nyu.edu/scmsAdmin/media/users/xr1/glossaries/Science/Elementary/ele_4_science_vietnamese.pdf
change of direction,chuyển hướng, đổi hướng.,Nguồn: Elementary School Science - http://steinhardt.nyu.edu/scmsAdmin/media/users/xr1/glossaries/Science/Elementary/ele_4_science_vietnamese.pdf
change of motion,chuyển động,Nguồn: Elementary School Science - http://steinhardt.nyu.edu/scmsAdmin/media/users/xr1/glossaries/Science/Elementary/ele_4_science_vietnamese.pdf
change of speed,đổi tốc độ.,Nguồn: Elementary School Science - http://steinhardt.nyu.edu/scmsAdmin/media/users/xr1/glossaries/Science/Elementary/ele_4_science_vietnamese.pdf
characteristic,đặc điểm,Nguồn: Elementary School Science - http://steinhardt.nyu.edu/scmsAdmin/media/users/xr1/glossaries/Science/Elementary/ele_4_science_vietnamese.pdf
chemical change,thay đổi hóa học,Nguồn: Elementary School Science - http://steinhardt.nyu.edu/scmsAdmin/media/users/xr1/glossaries/Science/Elementary/ele_4_science_vietnamese.pdf
chemical property,quyền sở hữu hóa học.,Nguồn: Elementary School Science - http://steinhardt.nyu.edu/scmsAdmin/media/users/xr1/glossaries/Science/Elementary/ele_4_science_vietnamese.pdf
chemical weathering,"tạo thời tiết, gió mưa bằng phương pháp hóa học.",Nguồn: Elementary School Science - http://steinhardt.nyu.edu/scmsAdmin/media/users/xr1/glossaries/Science/Elementary/ele_4_science_vietnamese.pdf
chlorophyll,diệp lục tố.,Nguồn: Elementary School Science - http://steinhardt.nyu.edu/scmsAdmin/media/users/xr1/glossaries/Science/Elementary/ele_4_science_vietnamese.pdf
chloroplast,lạp lục tố.,Nguồn: Elementary School Science - http://steinhardt.nyu.edu/scmsAdmin/media/users/xr1/glossaries/Science/Elementary/ele_4_science_vietnamese.pdf
choose,chọn lọc, chọn lựa.,Nguồn: Elementary School Science - http://steinhardt.nyu.edu/scmsAdmin/media/users/xr1/glossaries/Science/Elementary/ele_4_science_vietnamese.pdf
cinder cone volcano,núi lửa hình nón có than đá.,Nguồn: Elementary School Science - http://steinhardt.nyu.edu/scmsAdmin/media/users/xr1/glossaries/Science/Elementary/ele_4_science_vietnamese.pdf
circuit,mạch điện, chu vi, đường vòng quanh, vòng đua.,Nguồn: Elementary School Science - http://steinhardt.nyu.edu/scmsAdmin/media/users/xr1/glossaries/Science/Elementary/ele_4_science_vietnamese.pdf
circulatory system,hệ thống tuần hoàn.,Nguồn: Elementary School Science - http://steinhardt.nyu.edu/scmsAdmin/media/users/xr1/glossaries/Science/Elementary/ele_4_science_vietnamese.pdf
cirro-,cuộn chùm,Nguồn: Elementary School Science - http://steinhardt.nyu.edu/scmsAdmin/media/users/xr1/glossaries/Science/Elementary/ele_4_science_vietnamese.pdf
cirrus cloud,chùm mây ti (có vòng mây cuộn chùm).,Nguồn: Elementary School Science - http://steinhardt.nyu.edu/scmsAdmin/media/users/xr1/glossaries/Science/Elementary/ele_4_science_vietnamese.pdf
classification,sự phân loại,Nguồn: Elementary School Science - http://steinhardt.nyu.edu/scmsAdmin/media/users/xr1/glossaries/Science/Elementary/ele_4_science_vietnamese.pdf
classify,phân loại,Nguồn: Elementary School Science - http://steinhardt.nyu.edu/scmsAdmin/media/users/xr1/glossaries/Science/Elementary/ele_4_science_vietnamese.pdf
climate,thời tiết,Nguồn: Elementary School Science - http://steinhardt.nyu.edu/scmsAdmin/media/users/xr1/glossaries/Science/Elementary/ele_4_science_vietnamese.pdf
cloud,(đám) mây.,Nguồn: Elementary School Science - http://steinhardt.nyu.edu/scmsAdmin/media/users/xr1/glossaries/Science/Elementary/ele_4_science_vietnamese.pdf
color,màu sắc,Nguồn: Elementary School Science - http://steinhardt.nyu.edu/scmsAdmin/media/users/xr1/glossaries/Science/Elementary/ele_4_science_vietnamese.pdf
column,"cột trụ, hàng dọc, đội hình hàng dọc, cột, mục (báo).",Nguồn: Elementary School Science - http://steinhardt.nyu.edu/scmsAdmin/media/users/xr1/glossaries/Science/Elementary/ele_4_science_vietnamese.pdf
comet,sao chổi (thiên văn).,Nguồn: Elementary School Science - http://steinhardt.nyu.edu/scmsAdmin/media/users/xr1/glossaries/Science/Elementary/ele_4_science_vietnamese.pdf
community,cộng đồng,Nguồn: Elementary School Science - http://steinhardt.nyu.edu/scmsAdmin/media/users/xr1/glossaries/Science/Elementary/ele_4_science_vietnamese.pdf
compare,so sánh,Nguồn: Elementary School Science - http://steinhardt.nyu.edu/scmsAdmin/media/users/xr1/glossaries/Science/Elementary/ele_4_science_vietnamese.pdf
compass,la bàn, đường vòng, diện, phạm vi, đường quanh, âm vực (nhạc), cây com-pa.,Nguồn: Elementary School Science - http://steinhardt.nyu.edu/scmsAdmin/media/users/xr1/glossaries/Science/Elementary/ele_4_science_vietnamese.pdf
competition,sự cạnh tranh, sự tranh đua.,Nguồn: Elementary School Science - http://steinhardt.nyu.edu/scmsAdmin/media/users/xr1/glossaries/Science/Elementary/ele_4_science_vietnamese.pdf
composite volcano,núi lửa đa hợp.,Nguồn: Elementary School Science - http://steinhardt.nyu.edu/scmsAdmin/media/users/xr1/glossaries/Science/Elementary/ele_4_science_vietnamese.pdf
compost pile,"lò phản ứng hỗn hợp, cọc cừ hỗn hợp, nhà sàn.",Nguồn: Elementary School Science - http://steinhardt.nyu.edu/scmsAdmin/media/users/xr1/glossaries/Science/Elementary/ele_4_science_vietnamese.pdf
compound,"ghép, pha trộn, hòa lẫn.",Nguồn: Elementary School Science - http://steinhardt.nyu.edu/scmsAdmin/media/users/xr1/glossaries/Science/Elementary/ele_4_science_vietnamese.pdf
compound microscope,kiếng hiển vi ghép (nhiều lớp).,Nguồn: Elementary School Science - http://steinhardt.nyu.edu/scmsAdmin/media/users/xr1/glossaries/Science/Elementary/ele_4_science_vietnamese.pdf
computer,máy vi tính,Nguồn: Elementary School Science - http://steinhardt.nyu.edu/scmsAdmin/media/users/xr1/glossaries/Science/Elementary/ele_4_science_vietnamese.pdf
conclusion,"kết luận, thu xếp, ký kết.",Nguồn: Elementary School Science - http://steinhardt.nyu.edu/scmsAdmin/media/users/xr1/glossaries/Science/Elementary/ele_4_science_vietnamese.pdf
condensation,sự đặc lại, sự ngưng tụ, sự kết tủa (hóa).,Nguồn: Elementary School Science - http://steinhardt.nyu.edu/scmsAdmin/media/users/xr1/glossaries/Science/Elementary/ele_4_science_vietnamese.pdf
condition,điều kiện,Nguồn: Elementary School Science - http://steinhardt.nyu.edu/scmsAdmin/media/users/xr1/glossaries/Science/Elementary/ele_4_science_vietnamese.pdf
conduction,sự hướng dẫn, cách cư xử, sự chỉ đạo.,Nguồn: Elementary School Science - http://steinhardt.nyu.edu/scmsAdmin/media/users/xr1/glossaries/Science/Elementary/ele_4_science_vietnamese.pdf
conductors,người hướng dẫn, người chỉ đạo.,Nguồn: Elementary School Science - http://steinhardt.nyu.edu/scmsAdmin/media/users/xr1/glossaries/Science/Elementary/ele_4_science_vietnamese.pdf
conservation,cuộc đàm thoại,Nguồn: Elementary School Science - http://steinhardt.nyu.edu/scmsAdmin/media/users/xr1/glossaries/Science/Elementary/ele_4_science_vietnamese.pdf
consumer,khách tiêu thụ.,Nguồn: Elementary School Science - http://steinhardt.nyu.edu/scmsAdmin/media/users/xr1/glossaries/Science/Elementary/ele_4_science_vietnamese.pdf
contain,gồm có, bao gồm.,Nguồn: Elementary School Science - http://steinhardt.nyu.edu/scmsAdmin/media/users/xr1/glossaries/Science/Elementary/ele_4_science_vietnamese.pdf
container,hộp đựng đồ, thùng chứa hàng.,Nguồn: Elementary School Science - http://steinhardt.nyu.edu/scmsAdmin/media/users/xr1/glossaries/Science/Elementary/ele_4_science_vietnamese.pdf
content,sự bằng lòng, chủ đề, toại nguyện, sẵn sàng, vui lòng, thỏa mãn.,Nguồn: Elementary School Science - http://steinhardt.nyu.edu/scmsAdmin/media/users/xr1/glossaries/Science/Elementary/ele_4_science_vietnamese.pdf
convection,sự giao lưu, sự đối lưu.,Nguồn: Elementary School Science - http://steinhardt.nyu.edu/scmsAdmin/media/users/xr1/glossaries/Science/Elementary/ele_4_science_vietnamese.pdf
crest,mào gà, bờm ngựa, tiêu ngữ (trên huy chương),Nguồn: Elementary School Science - http://steinhardt.nyu.edu/scmsAdmin/media/users/xr1/glossaries/Science/Elementary/ele_4_science_vietnamese.pdf
crust,"vỏ bánh, vỏ cứng, vỏ (trái đất, cây), mai (rùa), lớp (băng tuyết), cặn (rượu), mày (ghẻ).",Nguồn: Elementary School Science - http://steinhardt.nyu.edu/scmsAdmin/media/users/xr1/glossaries/Science/Elementary/ele_4_science_vietnamese.pdf
crystal,"thủy tinh, pha lê, đồ làm bằng thủy tinh, kiếng.",Nguồn: Elementary School Science - http://steinhardt.nyu.edu/scmsAdmin/media/users/xr1/glossaries/Science/Elementary/ele_4_science_vietnamese.pdf
cubic centimeter,xen-ti-mét khối.,Nguồn: Elementary School Science - http://steinhardt.nyu.edu/scmsAdmin/media/users/xr1/glossaries/Science/Elementary/ele_4_science_vietnamese.pdf
cytoplasm,tế bào chất.,Nguồn: Elementary School Science - http://steinhardt.nyu.edu/scmsAdmin/media/users/xr1/glossaries/Science/Elementary/ele_4_science_vietnamese.pdf
dam,cái đập,Nguồn: Elementary School Science - http://steinhardt.nyu.edu/scmsAdmin/media/users/xr1/glossaries/Science/Elementary/ele_4_science_vietnamese.pdf
data,số liệu, dữ kiện, dữ liệu, tài liệu.,Nguồn: Elementary School Science - http://steinhardt.nyu.edu/scmsAdmin/media/users/xr1/glossaries/Science/Elementary/ele_4_science_vietnamese.pdf
data table,"bảng số liệu, dữ kiện.",Nguồn: Elementary School Science - http://steinhardt.nyu.edu/scmsAdmin/media/users/xr1/glossaries/Science/Elementary/ele_4_science_vietnamese.pdf
decomposer,xác thối rữa,Nguồn: Elementary School Science - http://steinhardt.nyu.edu/scmsAdmin/media/users/xr1/glossaries/Science/Elementary/ele_4_science_vietnamese.pdf
decrease,giảm xuống, làm giảm xuống.,Nguồn: Elementary School Science - http://steinhardt.nyu.edu/scmsAdmin/media/users/xr1/glossaries/Science/Elementary/ele_4_science_vietnamese.pdf
define,"định nghĩa, xác định, định rõ, vạch rõ (hình dạng, biên giới).",Nguồn: Elementary School Science - http://steinhardt.nyu.edu/scmsAdmin/media/users/xr1/glossaries/Science/Elementary/ele_4_science_vietnamese.pdf
definite,có hạn định, dứt khoát, tính dứt khoát.,Nguồn: Elementary School Science - http://steinhardt.nyu.edu/scmsAdmin/media/users/xr1/glossaries/Science/Elementary/ele_4_science_vietnamese.pdf
density,độ đậm đặc, tính dày đặc, sự đông đúc, độ dày, tỷ trọng.,Nguồn: Elementary School Science - http://steinhardt.nyu.edu/scmsAdmin/media/users/xr1/glossaries/Science/Elementary/ele_4_science_vietnamese.pdf
deposition,"sự truất phế, hạ bệ, sự cung cấp bằng chứng, sự lắng đọng.",Nguồn: Elementary School Science - http://steinhardt.nyu.edu/scmsAdmin/media/users/xr1/glossaries/Science/Elementary/ele_4_science_vietnamese.pdf
derived,"nhận được từ (cái gì, người, nơi chốn), tìm thấy nguồn gốc từ, chuyển hóa từ, hay là bắt nguồn từ.",Nguồn: Elementary School Science - http://steinhardt.nyu.edu/scmsAdmin/media/users/xr1/glossaries/Science/Elementary/ele_4_science_vietnamese.pdf
describe,"mô tả, diễn tả.",Nguồn: Elementary School Science - http://steinhardt.nyu.edu/scmsAdmin/media/users/xr1/glossaries/Science/Elementary/ele_4_science_vietnamese.pdf
design,"vẽ kiểu (quần áo, xe v.v), trù hoạch hay hoạch định (việc gì), sắp đặt, đề cương, đồ án, cách trình bày.",Nguồn: Elementary School Science - http://steinhardt.nyu.edu/scmsAdmin/media/users/xr1/glossaries/Science/Elementary/ele_4_science_vietnamese.pdf
development,sự phát triển.,Nguồn: Elementary School Science - http://steinhardt.nyu.edu/scmsAdmin/media/users/xr1/glossaries/Science/Elementary/ele_4_science_vietnamese.pdf
diagram,biểu đồ, trình bày bằng biểu đồ.,Nguồn: Elementary School Science - http://steinhardt.nyu.edu/scmsAdmin/media/users/xr1/glossaries/Science/Elementary/ele_4_science_vietnamese.pdf
difference,sự khác biệt.,Nguồn: Elementary School Science - http://steinhardt.nyu.edu/scmsAdmin/media/users/xr1/glossaries/Science/Elementary/ele_4_science_vietnamese.pdf
digestive system,hệ thống tiêu hóa,Nguồn: Elementary School Science - http://steinhardt.nyu.edu/scmsAdmin/media/users/xr1/glossaries/Science/Elementary/ele_4_science_vietnamese.pdf
directly,một cách trực tiếp,Nguồn: Elementary School Science - http://steinhardt.nyu.edu/scmsAdmin/media/users/xr1/glossaries/Science/Elementary/ele_4_science_vietnamese.pdf
discuss,thảo luận.,Nguồn: Elementary School Science - http://steinhardt.nyu.edu/scmsAdmin/media/users/xr1/glossaries/Science/Elementary/ele_4_science_vietnamese.pdf
disperse,"phân tán, rải rác, xua tan, giải tán, tan tác.",Nguồn: Elementary School Science - http://steinhardt.nyu.edu/scmsAdmin/media/users/xr1/glossaries/Science/Elementary/ele_4_science_vietnamese.pdf
distance,khoảng cách, xa.,Nguồn: Elementary School Science - http://steinhardt.nyu.edu/scmsAdmin/media/users/xr1/glossaries/Science/Elementary/ele_4_science_vietnamese.pdf
distribute,phân phối.,Nguồn: Elementary School Science - http://steinhardt.nyu.edu/scmsAdmin/media/users/xr1/glossaries/Science/Elementary/ele_4_science_vietnamese.pdf
draw,"vẽ, kéo, hít vào, rút ra, lôi cuốn, lãnh hay rút (tiền).",Nguồn: Elementary School Science - http://steinhardt.nyu.edu/scmsAdmin/media/users/xr1/glossaries/Science/Elementary/ele_4_science_vietnamese.pdf
earthquake,động đất.,Nguồn: Elementary School Science - http://steinhardt.nyu.edu/scmsAdmin/media/users/xr1/glossaries/Science/Elementary/ele_4_science_vietnamese.pdf
earthworm,con sâu đất.,Nguồn: Elementary School Science - http://steinhardt.nyu.edu/scmsAdmin/media/users/xr1/glossaries/Science/Elementary/ele_4_science_vietnamese.pdf
echo,vang vọng, dội lại.,Nguồn: Elementary School Science - http://steinhardt.nyu.edu/scmsAdmin/media/users/xr1/glossaries/Science/Elementary/ele_4_science_vietnamese.pdf
ecosystem,hệ sinh thái.,Nguồn: Elementary School Science - http://steinhardt.nyu.edu/scmsAdmin/media/users/xr1/glossaries/Science/Elementary/ele_4_science_vietnamese.pdf
effect,"ảnh hưởng, tác động.",Nguồn: Elementary School Science - http://steinhardt.nyu.edu/scmsAdmin/media/users/xr1/glossaries/Science/Elementary/ele_4_science_vietnamese.pdf
efficient,có hiệu quả, có năng lực, có năng suất.,Nguồn: Elementary School Science - http://steinhardt.nyu.edu/scmsAdmin/media/users/xr1/glossaries/Science/Elementary/ele_4_science_vietnamese.pdf
egg,trứng.,Nguồn: Elementary School Science - http://steinhardt.nyu.edu/scmsAdmin/media/users/xr1/glossaries/Science/Elementary/ele_4_science_vietnamese.pdf
electric current,dòng điện.,Nguồn: Elementary School Science - http://steinhardt.nyu.edu/scmsAdmin/media/users/xr1/glossaries/Science/Elementary/ele_4_science_vietnamese.pdf
electrical energy,điện năng.,Nguồn: Elementary School Science - http://steinhardt.nyu.edu/scmsAdmin/media/users/xr1/glossaries/Science/Elementary/ele_4_science_vietnamese.pdf
electromagnet,từ điện.,Nguồn: Elementary School Science - http://steinhardt.nyu.edu/scmsAdmin/media/users/xr1/glossaries/Science/Elementary/ele_4_science_vietnamese.pdf
electromagnetism,điện trường.,Nguồn: Elementary School Science - http://steinhardt.nyu.edu/scmsAdmin/media/users/xr1/glossaries/Science/Elementary/ele_4_science_vietnamese.pdf
electron,điện tử.,Nguồn: Elementary School Science - http://steinhardt.nyu.edu/scmsAdmin/media/users/xr1/glossaries/Science/Elementary/ele_4_science_vietnamese.pdf
elements,"phần tử, các thành phần.",Nguồn: Elementary School Science - http://steinhardt.nyu.edu/scmsAdmin/media/users/xr1/glossaries/Science/Elementary/ele_4_science_vietnamese.pdf
elevation,điện đồ (toán), độ cao, chỗ đất cao,,Nguồn: Elementary School Science - http://steinhardt.nyu.edu/scmsAdmin/media/users/xr1/glossaries/Science/Elementary/ele_4_science_vietnamese.pdf
emit,"phát ra (ánh sáng, nhiệt), tỏa ra (mùi vị), phát hành (giấy bạc).",Nguồn: Elementary School Science - http://steinhardt.nyu.edu/scmsAdmin/media/users/xr1/glossaries/Science/Elementary/ele_4_science_vietnamese.pdf
energy,năng lượng.,Nguồn: Elementary School Science - http://steinhardt.nyu.edu/scmsAdmin/media/users/xr1/glossaries/Science/Elementary/ele_4_science_vietnamese.pdf
energy resources,"các tài nguyên, nguồn năng lượng.",Nguồn: Elementary School Science - http://steinhardt.nyu.edu/scmsAdmin/media/users/xr1/glossaries/Science/Elementary/ele_4_science_vietnamese.pdf
environment,môi trường.,Nguồn: Elementary School Science - http://steinhardt.nyu.edu/scmsAdmin/media/users/xr1/glossaries/Science/Elementary/ele_4_science_vietnamese.pdf
equal,"bằng nhau, tương đương.",Nguồn: Elementary School Science - http://steinhardt.nyu.edu/scmsAdmin/media/users/xr1/glossaries/Science/Elementary/ele_4_science_vietnamese.pdf
erosion,sự ăn mòn, sự xói mòn.,Nguồn: Elementary School Science - http://steinhardt.nyu.edu/scmsAdmin/media/users/xr1/glossaries/Science/Elementary/ele_4_science_vietnamese.pdf
error,"sai, lỗi. lỗi lầm.",Nguồn: Elementary School Science - http://steinhardt.nyu.edu/scmsAdmin/media/users/xr1/glossaries/Science/Elementary/ele_4_science_vietnamese.pdf
esophagus,thực quản.,Nguồn: Elementary School Science - http://steinhardt.nyu.edu/scmsAdmin/media/users/xr1/glossaries/Science/Elementary/ele_4_science_vietnamese.pdf
establish,thiết lập, thành lập.,Nguồn: Elementary School Science - http://steinhardt.nyu.edu/scmsAdmin/media/users/xr1/glossaries/Science/Elementary/ele_4_science_vietnamese.pdf
estimate,"ước lượng, ước đoán.",Nguồn: Elementary School Science - http://steinhardt.nyu.edu/scmsAdmin/media/users/xr1/glossaries/Science/Elementary/ele_4_science_vietnamese.pdf
estivation,"Sự ước lượng, ngủ trong mùa hè (động vật).",Nguồn: Elementary School Science - http://steinhardt.nyu.edu/scmsAdmin/media/users/xr1/glossaries/Science/Elementary/ele_4_science_vietnamese.pdf
evaluate,đánh giá, xem xét, lượng định.,Nguồn: Elementary School Science - http://steinhardt.nyu.edu/scmsAdmin/media/users/xr1/glossaries/Science/Elementary/ele_4_science_vietnamese.pdf
evaporation,sự bốc hơi.,Nguồn: Elementary School Science - http://steinhardt.nyu.edu/scmsAdmin/media/users/xr1/glossaries/Science/Elementary/ele_4_science_vietnamese.pdf
evidence,"bằng chứng, chứng cớ.",Nguồn: Elementary School Science - http://steinhardt.nyu.edu/scmsAdmin/media/users/xr1/glossaries/Science/Elementary/ele_4_science_vietnamese.pdf
example,thí dụ.,Nguồn: Elementary School Science - http://steinhardt.nyu.edu/scmsAdmin/media/users/xr1/glossaries/Science/Elementary/ele_4_science_vietnamese.pdf
exoskeleton,bộ xương ngoài (động vật).,Nguồn: Elementary School Science - http://steinhardt.nyu.edu/scmsAdmin/media/users/xr1/glossaries/Science/Elementary/ele_4_science_vietnamese.pdf
explain,giải thích.,Nguồn: Elementary School Science - http://steinhardt.nyu.edu/scmsAdmin/media/users/xr1/glossaries/Science/Elementary/ele_4_science_vietnamese.pdf
external,bên ngoài.,Nguồn: Elementary School Science - http://steinhardt.nyu.edu/scmsAdmin/media/users/xr1/glossaries/Science/Elementary/ele_4_science_vietnamese.pdf
fact,sự kiện, dữ kiện.,Nguồn: Elementary School Science - http://steinhardt.nyu.edu/scmsAdmin/media/users/xr1/glossaries/Science/Elementary/ele_4_science_vietnamese.pdf
factor,yếu tố.,Nguồn: Elementary School Science - http://steinhardt.nyu.edu/scmsAdmin/media/users/xr1/glossaries/Science/Elementary/ele_4_science_vietnamese.pdf
Fahrenheit (oF),độ F,Nguồn: Elementary School Science - http://steinhardt.nyu.edu/scmsAdmin/media/users/xr1/glossaries/Science/Elementary/ele_4_science_vietnamese.pdf
fault,lỗi, sự thiếu sót, sự sai lầm, vết nứt (vỏ trái đất).,Nguồn: Elementary School Science - http://steinhardt.nyu.edu/scmsAdmin/media/users/xr1/glossaries/Science/Elementary/ele_4_science_vietnamese.pdf
feature,đặc điểm.,Nguồn: Elementary School Science - http://steinhardt.nyu.edu/scmsAdmin/media/users/xr1/glossaries/Science/Elementary/ele_4_science_vietnamese.pdf
features,các đặc điểm.,Nguồn: Elementary School Science - http://steinhardt.nyu.edu/scmsAdmin/media/users/xr1/glossaries/Science/Elementary/ele_4_science_vietnamese.pdf
fish,cá, câu cá.,Nguồn: Elementary School Science - http://steinhardt.nyu.edu/scmsAdmin/media/users/xr1/glossaries/Science/Elementary/ele_4_science_vietnamese.pdf
fixed pulley,cái ròng rọc không tăng đưa được.,Nguồn: Elementary School Science - http://steinhardt.nyu.edu/scmsAdmin/media/users/xr1/glossaries/Science/Elementary/ele_4_science_vietnamese.pdf
flood,lụt lội.,Nguồn: Elementary School Science - http://steinhardt.nyu.edu/scmsAdmin/media/users/xr1/glossaries/Science/Elementary/ele_4_science_vietnamese.pdf
food chain,"dây chuyền thực phẩm (một hình thức ăn để tồn tại một cách dây chuyền từ trên xuống thí dụ như cáo ăn thịt thỏ, thỏ ăn cỏ).",Nguồn: Elementary School Science - http://steinhardt.nyu.edu/scmsAdmin/media/users/xr1/glossaries/Science/Elementary/ele_4_science_vietnamese.pdf
food web,mạng lưới thực phẩm.,Nguồn: Elementary School Science - http://steinhardt.nyu.edu/scmsAdmin/media/users/xr1/glossaries/Science/Elementary/ele_4_science_vietnamese.pdf
force,"lực, sức mạnh.",Nguồn: Elementary School Science - http://steinhardt.nyu.edu/scmsAdmin/media/users/xr1/glossaries/Science/Elementary/ele_4_science_vietnamese.pdf
former,trước đây, xưa, nguyên.,Nguồn: Elementary School Science - http://steinhardt.nyu.edu/scmsAdmin/media/users/xr1/glossaries/Science/Elementary/ele_4_science_vietnamese.pdf
formula,công thức.,Nguồn: Elementary School Science - http://steinhardt.nyu.edu/scmsAdmin/media/users/xr1/glossaries/Science/Elementary/ele_4_science_vietnamese.pdf
fossil,hóa thạch.,Nguồn: Elementary School Science - http://steinhardt.nyu.edu/scmsAdmin/media/users/xr1/glossaries/Science/Elementary/ele_4_science_vietnamese.pdf
fossil fuel,nhiên liệu hóa thạch.,Nguồn: Elementary School Science - http://steinhardt.nyu.edu/scmsAdmin/media/users/xr1/glossaries/Science/Elementary/ele_4_science_vietnamese.pdf
frequency,tần số.,Nguồn: Elementary School Science - http://steinhardt.nyu.edu/scmsAdmin/media/users/xr1/glossaries/Science/Elementary/ele_4_science_vietnamese.pdf
friction,ma sát, sự xoa bóp, sự va chạm.,Nguồn: Elementary School Science - http://steinhardt.nyu.edu/scmsAdmin/media/users/xr1/glossaries/Science/Elementary/ele_4_science_vietnamese.pdf
fruit,trái cây.,Nguồn: Elementary School Science - http://steinhardt.nyu.edu/scmsAdmin/media/users/xr1/glossaries/Science/Elementary/ele_4_science_vietnamese.pdf
fulcrum,điểm tựa (đòn bẩy), trục bản lề (kỹ thuật).,Nguồn: Elementary School Science - http://steinhardt.nyu.edu/scmsAdmin/media/users/xr1/glossaries/Science/Elementary/ele_4_science_vietnamese.pdf
function,chức năng, hàm số (toán), hoạt động.,Nguồn: Elementary School Science - http://steinhardt.nyu.edu/scmsAdmin/media/users/xr1/glossaries/Science/Elementary/ele_4_science_vietnamese.pdf
galaxy,dải ngân hà.,Nguồn: Elementary School Science - http://steinhardt.nyu.edu/scmsAdmin/media/users/xr1/glossaries/Science/Elementary/ele_4_science_vietnamese.pdf
gas,khí hơi.,Nguồn: Elementary School Science - http://steinhardt.nyu.edu/scmsAdmin/media/users/xr1/glossaries/Science/Elementary/ele_4_science_vietnamese.pdf
generator,máy phát điện.,Nguồn: Elementary School Science - http://steinhardt.nyu.edu/scmsAdmin/media/users/xr1/glossaries/Science/Elementary/ele_4_science_vietnamese.pdf
germination,sự mọc, sự nảy mầm, sự nảy sinh.,Nguồn: Elementary School Science - http://steinhardt.nyu.edu/scmsAdmin/media/users/xr1/glossaries/Science/Elementary/ele_4_science_vietnamese.pdf
glacier,giải băng ngân hay sông đóng băng (địa lý).,Nguồn: Elementary School Science - http://steinhardt.nyu.edu/scmsAdmin/media/users/xr1/glossaries/Science/Elementary/ele_4_science_vietnamese.pdf
graduated cylinder,ống xy-lanh được phân loại.,Nguồn: Elementary School Science - http://steinhardt.nyu.edu/scmsAdmin/media/users/xr1/glossaries/Science/Elementary/ele_4_science_vietnamese.pdf
gram (g),1/1000 của 1 kg (đơn vị đo trọng lượng theo kiểu Pháp và các nước thuộc địa).,Nguồn: Elementary School Science - http://steinhardt.nyu.edu/scmsAdmin/media/users/xr1/glossaries/Science/Elementary/ele_4_science_vietnamese.pdf
gravity,sự ly tâm.,Nguồn: Elementary School Science - http://steinhardt.nyu.edu/scmsAdmin/media/users/xr1/glossaries/Science/Elementary/ele_4_science_vietnamese.pdf
greatest,vĩ đại nhất, tuyệt vời nhất.,Nguồn: Elementary School Science - http://steinhardt.nyu.edu/scmsAdmin/media/users/xr1/glossaries/Science/Elementary/ele_4_science_vietnamese.pdf
groundwater,nước nguồn.,Nguồn: Elementary School Science - http://steinhardt.nyu.edu/scmsAdmin/media/users/xr1/glossaries/Science/Elementary/ele_4_science_vietnamese.pdf
habitat,môi trường sống, chỗ ở.,Nguồn: Elementary School Science - http://steinhardt.nyu.edu/scmsAdmin/media/users/xr1/glossaries/Science/Elementary/ele_4_science_vietnamese.pdf
hand lens,kiếng lúp cầm tay.,Nguồn: Elementary School Science - http://steinhardt.nyu.edu/scmsAdmin/media/users/xr1/glossaries/Science/Elementary/ele_4_science_vietnamese.pdf
hardness,độ cứng, sự cứng rắn, tính khắc nghiệt.,Nguồn: Elementary School Science - http://steinhardt.nyu.edu/scmsAdmin/media/users/xr1/glossaries/Science/Elementary/ele_4_science_vietnamese.pdf
harmful,gây tai hại, có hại.,Nguồn: Elementary School Science - http://steinhardt.nyu.edu/scmsAdmin/media/users/xr1/glossaries/Science/Elementary/ele_4_science_vietnamese.pdf
healthy habit,thói quen hay cách phát triển lành mạnh.,Nguồn: Elementary School Science - http://steinhardt.nyu.edu/scmsAdmin/media/users/xr1/glossaries/Science/Elementary/ele_4_science_vietnamese.pdf
heart,trái tim, tấm lòng.,Nguồn: Elementary School Science - http://steinhardt.nyu.edu/scmsAdmin/media/users/xr1/glossaries/Science/Elementary/ele_4_science_vietnamese.pdf
heart muscle,cơ bắp tim.,Nguồn: Elementary School Science - http://steinhardt.nyu.edu/scmsAdmin/media/users/xr1/glossaries/Science/Elementary/ele_4_science_vietnamese.pdf
heat energy,nhiệt năng.,Nguồn: Elementary School Science - http://steinhardt.nyu.edu/scmsAdmin/media/users/xr1/glossaries/Science/Elementary/ele_4_science_vietnamese.pdf
herbivore,động vật ăn cỏ.,Nguồn: Elementary School Science - http://steinhardt.nyu.edu/scmsAdmin/media/users/xr1/glossaries/Science/Elementary/ele_4_science_vietnamese.pdf
hibernation,sự nghỉ mùa đông, sự nằm lỳ ra.,Nguồn: Elementary School Science - http://steinhardt.nyu.edu/scmsAdmin/media/users/xr1/glossaries/Science/Elementary/ele_4_science_vietnamese.pdf
host,chủ nhà, chủ tiệc, chủ khách sạn.,Nguồn: Elementary School Science - http://steinhardt.nyu.edu/scmsAdmin/media/users/xr1/glossaries/Science/Elementary/ele_4_science_vietnamese.pdf
humidity,"hơi ẩm, sự ẩm ướt, độ ẩm.",Nguồn: Elementary School Science - http://steinhardt.nyu.edu/scmsAdmin/media/users/xr1/glossaries/Science/Elementary/ele_4_science_vietnamese.pdf
hygrometer,máy đo độ ẩm (vật lý).,Nguồn: Elementary School Science - http://steinhardt.nyu.edu/scmsAdmin/media/users/xr1/glossaries/Science/Elementary/ele_4_science_vietnamese.pdf
hypothesis,giả thuyết.,Nguồn: Elementary School Science - http://steinhardt.nyu.edu/scmsAdmin/media/users/xr1/glossaries/Science/Elementary/ele_4_science_vietnamese.pdf
identical,tương đồng.,Nguồn: Elementary School Science - http://steinhardt.nyu.edu/scmsAdmin/media/users/xr1/glossaries/Science/Elementary/ele_4_science_vietnamese.pdf
identify,nhận ra, đồng hóa.,Nguồn: Elementary School Science - http://steinhardt.nyu.edu/scmsAdmin/media/users/xr1/glossaries/Science/Elementary/ele_4_science_vietnamese.pdf
igneous rock,đá đánh ra lửa (giống như đá hộp quẹt).,Nguồn: Elementary School Science - http://steinhardt.nyu.edu/scmsAdmin/media/users/xr1/glossaries/Science/Elementary/ele_4_science_vietnamese.pdf
illuminate,"chiếu, rọi sáng, giải tỏa (một vấn đề).",Nguồn: Elementary School Science - http://steinhardt.nyu.edu/scmsAdmin/media/users/xr1/glossaries/Science/Elementary/ele_4_science_vietnamese.pdf
illustrate,"minh họa, in tranh ảnh, soi sáng, làm rạng danh.",Nguồn: Elementary School Science - http://steinhardt.nyu.edu/scmsAdmin/media/users/xr1/glossaries/Science/Elementary/ele_4_science_vietnamese.pdf
inclined plane,mặt phẳng nghiêng.,Nguồn: Elementary School Science - http://steinhardt.nyu.edu/scmsAdmin/media/users/xr1/glossaries/Science/Elementary/ele_4_science_vietnamese.pdf
increase,gia tăng.,Nguồn: Elementary School Science - http://steinhardt.nyu.edu/scmsAdmin/media/users/xr1/glossaries/Science/Elementary/ele_4_science_vietnamese.pdf
independent variable,biến số độc lập.,Nguồn: Elementary School Science - http://steinhardt.nyu.edu/scmsAdmin/media/users/xr1/glossaries/Science/Elementary/ele_4_science_vietnamese.pdf
indicate,chỉ, biểu lộ, chỉ định, cần phải, đòi hỏi.,Nguồn: Elementary School Science - http://steinhardt.nyu.edu/scmsAdmin/media/users/xr1/glossaries/Science/Elementary/ele_4_science_vietnamese.pdf
inference,"sự suy diễn, suy luận.",Nguồn: Elementary School Science - http://steinhardt.nyu.edu/scmsAdmin/media/users/xr1/glossaries/Science/Elementary/ele_4_science_vietnamese.pdf
information,"Tin tức, thông tin.",Nguồn: Elementary School Science - http://steinhardt.nyu.edu/scmsAdmin/media/users/xr1/glossaries/Science/Elementary/ele_4_science_vietnamese.pdf
inherit,"thừa hưởng, thừa kế (tài sản).",Nguồn: Elementary School Science - http://steinhardt.nyu.edu/scmsAdmin/media/users/xr1/glossaries/Science/Elementary/ele_4_science_vietnamese.pdf
inherited adaptation,sự thích nghi kế thừa.,Nguồn: Elementary School Science - http://steinhardt.nyu.edu/scmsAdmin/media/users/xr1/glossaries/Science/Elementary/ele_4_science_vietnamese.pdf
inherited trait,điểm kế thừa.,Nguồn: Elementary School Science - http://steinhardt.nyu.edu/scmsAdmin/media/users/xr1/glossaries/Science/Elementary/ele_4_science_vietnamese.pdf
insect,côn trùng.,Nguồn: Elementary School Science - http://steinhardt.nyu.edu/scmsAdmin/media/users/xr1/glossaries/Science/Elementary/ele_4_science_vietnamese.pdf
insulator,chất hay đồ cách điện, chất cách ly.,Nguồn: Elementary School Science - http://steinhardt.nyu.edu/scmsAdmin/media/users/xr1/glossaries/Science/Elementary/ele_4_science_vietnamese.pdf
interact,tác động qua lại, ảnh hưởng lẫn nhau.,Nguồn: Elementary School Science - http://steinhardt.nyu.edu/scmsAdmin/media/users/xr1/glossaries/Science/Elementary/ele_4_science_vietnamese.pdf
internal,bên trong, nội bộ, trong nước.,Nguồn: Elementary School Science - http://steinhardt.nyu.edu/scmsAdmin/media/users/xr1/glossaries/Science/Elementary/ele_4_science_vietnamese.pdf
interpret,diễn dịch, thông dịch.,Nguồn: Elementary School Science - http://steinhardt.nyu.edu/scmsAdmin/media/users/xr1/glossaries/Science/Elementary/ele_4_science_vietnamese.pdf
interval,"khoảng (thời gian, không gian), khoảng cách, lúc tạm ngưng, giờ giải lao.",Nguồn: Elementary School Science - http://steinhardt.nyu.edu/scmsAdmin/media/users/xr1/glossaries/Science/Elementary/ele_4_science_vietnamese.pdf
invertebrate,loài không xương sống, người nhu nhược (nghĩa bóng).,Nguồn: Elementary School Science - http://steinhardt.nyu.edu/scmsAdmin/media/users/xr1/glossaries/Science/Elementary/ele_4_science_vietnamese.pdf
jellyfish,con sứa.,Nguồn: Elementary School Science - http://steinhardt.nyu.edu/scmsAdmin/media/users/xr1/glossaries/Science/Elementary/ele_4_science_vietnamese.pdf
joint,"khớp (xương), mấu, đốt, khe nứt (địa lý), nơi hút thuốc phiện.",Nguồn: Elementary School Science - http://steinhardt.nyu.edu/scmsAdmin/media/users/xr1/glossaries/Science/Elementary/ele_4_science_vietnamese.pdf
kilogram (kg),"kí-lô-gram=1,000 gram, một đơn vị đo trọng lượng kiểu Pháp và các nước thuộc địa.",Nguồn: Elementary School Science - http://steinhardt.nyu.edu/scmsAdmin/media/users/xr1/glossaries/Science/Elementary/ele_4_science_vietnamese.pdf
kiloliter (kl),"kí-lô-lít=1,000 lít, đơn vị để đo dung tích.",Nguồn: Elementary School Science - http://steinhardt.nyu.edu/scmsAdmin/media/users/xr1/glossaries/Science/Elementary/ele_4_science_vietnamese.pdf
kilometer (km),"kí-lô-mét=1,000 mét, đơn vị đo mét theo kiểu Pháp và các nước thuộc địa.",Nguồn: Elementary School Science - http://steinhardt.nyu.edu/scmsAdmin/media/users/xr1/glossaries/Science/Elementary/ele_4_science_vietnamese.pdf
kinetic energy,năng động lực.,Nguồn: Elementary School Science - http://steinhardt.nyu.edu/scmsAdmin/media/users/xr1/glossaries/Science/Elementary/ele_4_science_vietnamese.pdf
kingdom,vương quốc.,Nguồn: Elementary School Science - http://steinhardt.nyu.edu/scmsAdmin/media/users/xr1/glossaries/Science/Elementary/ele_4_science_vietnamese.pdf
knowledge,kiến thức.,Nguồn: Elementary School Science - http://steinhardt.nyu.edu/scmsAdmin/media/users/xr1/glossaries/Science/Elementary/ele_4_science_vietnamese.pdf
label,nhãn, đóng nhãn.,Nguồn: Elementary School Science - http://steinhardt.nyu.edu/scmsAdmin/media/users/xr1/glossaries/Science/Elementary/ele_4_science_vietnamese.pdf
landslide,trượt đất.,Nguồn: Elementary School Science - http://steinhardt.nyu.edu/scmsAdmin/media/users/xr1/glossaries/Science/Elementary/ele_4_science_vietnamese.pdf
large intestine,ruột già.,Nguồn: Elementary School Science - http://steinhardt.nyu.edu/scmsAdmin/media/users/xr1/glossaries/Science/Elementary/ele_4_science_vietnamese.pdf
larva,ấu trùng.,Nguồn: Elementary School Science - http://steinhardt.nyu.edu/scmsAdmin/media/users/xr1/glossaries/Science/Elementary/ele_4_science_vietnamese.pdf
latitude,vĩ độ, vĩ tuyến.,Nguồn: Elementary School Science - http://steinhardt.nyu.edu/scmsAdmin/media/users/xr1/glossaries/Science/Elementary/ele_4_science_vietnamese.pdf
lava,"nham thạch, dung nham (núi lửa).",Nguồn: Elementary School Science - http://steinhardt.nyu.edu/scmsAdmin/media/users/xr1/glossaries/Science/Elementary/ele_4_science_vietnamese.pdf
leaf,lá cây.,Nguồn: Elementary School Science - http://steinhardt.nyu.edu/scmsAdmin/media/users/xr1/glossaries/Science/Elementary/ele_4_science_vietnamese.pdf
learned,có am tường, được học hỏi, có hiểu biết.,Nguồn: Elementary School Science - http://steinhardt.nyu.edu/scmsAdmin/media/users/xr1/glossaries/Science/Elementary/ele_4_science_vietnamese.pdf
learned adaptation,sự thích nghi có am tường.,Nguồn: Elementary School Science - http://steinhardt.nyu.edu/scmsAdmin/media/users/xr1/glossaries/Science/Elementary/ele_4_science_vietnamese.pdf
least,"tối thiểu, ít nhất, nhỏ nhất, ít quan trọng nhất.",Nguồn: Elementary School Science - http://steinhardt.nyu.edu/scmsAdmin/media/users/xr1/glossaries/Science/Elementary/ele_4_science_vietnamese.pdf
levee,"bờ đê, bờ kè.",Nguồn: Elementary School Science - http://steinhardt.nyu.edu/scmsAdmin/media/users/xr1/glossaries/Science/Elementary/ele_4_science_vietnamese.pdf
lever,cái đòn bẩy, bẩy lên.,Nguồn: Elementary School Science - http://steinhardt.nyu.edu/scmsAdmin/media/users/xr1/glossaries/Science/Elementary/ele_4_science_vietnamese.pdf
life cycle,chu kỳ đời sống.,Nguồn: Elementary School Science - http://steinhardt.nyu.edu/scmsAdmin/media/users/xr1/glossaries/Science/Elementary/ele_4_science_vietnamese.pdf
life span,chiều dài đời sống.,Nguồn: Elementary School Science - http://steinhardt.nyu.edu/scmsAdmin/media/users/xr1/glossaries/Science/Elementary/ele_4_science_vietnamese.pdf
light,ánh sáng.,Nguồn: Elementary School Science - http://steinhardt.nyu.edu/scmsAdmin/media/users/xr1/glossaries/Science/Elementary/ele_4_science_vietnamese.pdf
line graph,biểu đồ theo hàng kẻ hay hàng vạch.,Nguồn: Elementary School Science - http://steinhardt.nyu.edu/scmsAdmin/media/users/xr1/glossaries/Science/Elementary/ele_4_science_vietnamese.pdf
lines of force,"lực từ trường trái đất (dùng để định hướng, luôn luôn quay về hướng bắc N).",Nguồn: Elementary School Science - http://steinhardt.nyu.edu/scmsAdmin/media/users/xr1/glossaries/Science/Elementary/ele_4_science_vietnamese.pdf
liquid,chất lỏng.,Nguồn: Elementary School Science - http://steinhardt.nyu.edu/scmsAdmin/media/users/xr1/glossaries/Science/Elementary/ele_4_science_vietnamese.pdf
list,danh sách, liệt kê.,Nguồn: Elementary School Science - http://steinhardt.nyu.edu/scmsAdmin/media/users/xr1/glossaries/Science/Elementary/ele_4_science_vietnamese.pdf
liter (L),Lít (đơn vị đo dung tích).,Nguồn: Elementary School Science - http://steinhardt.nyu.edu/scmsAdmin/media/users/xr1/glossaries/Science/Elementary/ele_4_science_vietnamese.pdf
location,"địa điểm, vị trí.",Nguồn: Elementary School Science - http://steinhardt.nyu.edu/scmsAdmin/media/users/xr1/glossaries/Science/Elementary/ele_4_science_vietnamese.pdf
lunar eclipse,hiện tượng nguyệt thực.,Nguồn: Elementary School Science - http://steinhardt.nyu.edu/scmsAdmin/media/users/xr1/glossaries/Science/Elementary/ele_4_science_vietnamese.pdf
lungs,các lá phổi.,Nguồn: Elementary School Science - http://steinhardt.nyu.edu/scmsAdmin/media/users/xr1/glossaries/Science/Elementary/ele_4_science_vietnamese.pdf
luster,ánh sáng rực rỡ, nước bóng, đèn trần nhiều ngọn.,Nguồn: Elementary School Science - http://steinhardt.nyu.edu/scmsAdmin/media/users/xr1/glossaries/Science/Elementary/ele_4_science_vietnamese.pdf
magma,chất nhão.,Nguồn: Elementary School Science - http://steinhardt.nyu.edu/scmsAdmin/media/users/xr1/glossaries/Science/Elementary/ele_4_science_vietnamese.pdf
magnet,nam châm.,Nguồn: Elementary School Science - http://steinhardt.nyu.edu/scmsAdmin/media/users/xr1/glossaries/Science/Elementary/ele_4_science_vietnamese.pdf
magnetic field,từ trường.,Nguồn: Elementary School Science - http://steinhardt.nyu.edu/scmsAdmin/media/users/xr1/glossaries/Science/Elementary/ele_4_science_vietnamese.pdf
magnetic force,lực từ trường.,Nguồn: Elementary School Science - http://steinhardt.nyu.edu/scmsAdmin/media/users/xr1/glossaries/Science/Elementary/ele_4_science_vietnamese.pdf
magnetism,từ học, tính từ trường.,Nguồn: Elementary School Science - http://steinhardt.nyu.edu/scmsAdmin/media/users/xr1/glossaries/Science/Elementary/ele_4_science_vietnamese.pdf
magnifier,kính lúp, máy phóng ảnh.,Nguồn: Elementary School Science - http://steinhardt.nyu.edu/scmsAdmin/media/users/xr1/glossaries/Science/Elementary/ele_4_science_vietnamese.pdf
maintain,"duy trì, bảo vệ.",Nguồn: Elementary School Science - http://steinhardt.nyu.edu/scmsAdmin/media/users/xr1/glossaries/Science/Elementary/ele_4_science_vietnamese.pdf
major,chính, quan trọng.,Nguồn: Elementary School Science - http://steinhardt.nyu.edu/scmsAdmin/media/users/xr1/glossaries/Science/Elementary/ele_4_science_vietnamese.pdf
mammal,động vật có vú.,Nguồn: Elementary School Science - http://steinhardt.nyu.edu/scmsAdmin/media/users/xr1/glossaries/Science/Elementary/ele_4_science_vietnamese.pdf
mass,khối, đống, đa số, khối lượng, lễ nhà thờ.,Nguồn: Elementary School Science - http://steinhardt.nyu.edu/scmsAdmin/media/users/xr1/glossaries/Science/Elementary/ele_4_science_vietnamese.pdf
matter,"vấn đề, chất, vật chất, chủ đề, nội dung, việc quan trọng, mủ (y khoa).",Nguồn: Elementary School Science - http://steinhardt.nyu.edu/scmsAdmin/media/users/xr1/glossaries/Science/Elementary/ele_4_science_vietnamese.pdf
measure,đo lường.,Nguồn: Elementary School Science - http://steinhardt.nyu.edu/scmsAdmin/media/users/xr1/glossaries/Science/Elementary/ele_4_science_vietnamese.pdf
mechanical energy,năng lượng máy.,Nguồn: Elementary School Science - http://steinhardt.nyu.edu/scmsAdmin/media/users/xr1/glossaries/Science/Elementary/ele_4_science_vietnamese.pdf
metamorphic rock,"đá biến chất, biến dạng, biến hình.",Nguồn: Elementary School Science - http://steinhardt.nyu.edu/scmsAdmin/media/users/xr1/glossaries/Science/Elementary/ele_4_science_vietnamese.pdf
metamorphosis,"sự biến hình, sự biến dạng, sự biến chất.",Nguồn: Elementary School Science - http://steinhardt.nyu.edu/scmsAdmin/media/users/xr1/glossaries/Science/Elementary/ele_4_science_vietnamese.pdf
meter (m),"mét, đơn vị đo chiều dài.",Nguồn: Elementary School Science - http://steinhardt.nyu.edu/scmsAdmin/media/users/xr1/glossaries/Science/Elementary/ele_4_science_vietnamese.pdf
meter stick,cây thước đo mét.,Nguồn: Elementary School Science - http://steinhardt.nyu.edu/scmsAdmin/media/users/xr1/glossaries/Science/Elementary/ele_4_science_vietnamese.pdf
method,phương pháp.,Nguồn: Elementary School Science - http://steinhardt.nyu.edu/scmsAdmin/media/users/xr1/glossaries/Science/Elementary/ele_4_science_vietnamese.pdf
metric ruler,thước dây đo mét.,Nguồn: Elementary School Science - http://steinhardt.nyu.edu/scmsAdmin/media/users/xr1/glossaries/Science/Elementary/ele_4_science_vietnamese.pdf
microscope,kính hiển vi.,Nguồn: Elementary School Science - http://steinhardt.nyu.edu/scmsAdmin/media/users/xr1/glossaries/Science/Elementary/ele_4_science_vietnamese.pdf
migration,"sự di dân, sự di trú (chim)",Nguồn: Elementary School Science - http://steinhardt.nyu.edu/scmsAdmin/media/users/xr1/glossaries/Science/Elementary/ele_4_science_vietnamese.pdf
milligram (mg),"mi-li-gram=1/1,000g.",Nguồn: Elementary School Science - http://steinhardt.nyu.edu/scmsAdmin/media/users/xr1/glossaries/Science/Elementary/ele_4_science_vietnamese.pdf
milliliter (mL),"mi-li-lít=1/1,000L.",Nguồn: Elementary School Science - http://steinhardt.nyu.edu/scmsAdmin/media/users/xr1/glossaries/Science/Elementary/ele_4_science_vietnamese.pdf
millimeter (mm),"mi-li-mét=1/1,000m.",Nguồn: Elementary School Science - http://steinhardt.nyu.edu/scmsAdmin/media/users/xr1/glossaries/Science/Elementary/ele_4_science_vietnamese.pdf
mineral,khoáng chất, chất khoáng.,Nguồn: Elementary School Science - http://steinhardt.nyu.edu/scmsAdmin/media/users/xr1/glossaries/Science/Elementary/ele_4_science_vietnamese.pdf
mitochondria,dạng hạt hoặc dạng chỉ trong tế bào.,Nguồn: Elementary School Science - http://steinhardt.nyu.edu/scmsAdmin/media/users/xr1/glossaries/Science/Elementary/ele_4_science_vietnamese.pdf
mixture,sự pha trộn, hỗn hợp dược chất.,Nguồn: Elementary School Science - http://steinhardt.nyu.edu/scmsAdmin/media/users/xr1/glossaries/Science/Elementary/ele_4_science_vietnamese.pdf
molecule,phân tử.,Nguồn: Elementary School Science - http://steinhardt.nyu.edu/scmsAdmin/media/users/xr1/glossaries/Science/Elementary/ele_4_science_vietnamese.pdf
mollusk,động vật thân mềm.,Nguồn: Elementary School Science - http://steinhardt.nyu.edu/scmsAdmin/media/users/xr1/glossaries/Science/Elementary/ele_4_science_vietnamese.pdf
motion,sự chuyển động.,Nguồn: Elementary School Science - http://steinhardt.nyu.edu/scmsAdmin/media/users/xr1/glossaries/Science/Elementary/ele_4_science_vietnamese.pdf
motor,động cơ, cơ vận động (sinh học).,Nguồn: Elementary School Science - http://steinhardt.nyu.edu/scmsAdmin/media/users/xr1/glossaries/Science/Elementary/ele_4_science_vietnamese.pdf
mouth,cái miệng.,Nguồn: Elementary School Science - http://steinhardt.nyu.edu/scmsAdmin/media/users/xr1/glossaries/Science/Elementary/ele_4_science_vietnamese.pdf
movable pulley,cái ròng rọc cơ động.,Nguồn: Elementary School Science - http://steinhardt.nyu.edu/scmsAdmin/media/users/xr1/glossaries/Science/Elementary/ele_4_science_vietnamese.pdf
muscle tissue,mô bắp thịt, cơ bắp.,Nguồn: Elementary School Science - http://steinhardt.nyu.edu/scmsAdmin/media/users/xr1/glossaries/Science/Elementary/ele_4_science_vietnamese.pdf
muscular system,hệ thống cơ bắp.,Nguồn: Elementary School Science - http://steinhardt.nyu.edu/scmsAdmin/media/users/xr1/glossaries/Science/Elementary/ele_4_science_vietnamese.pdf
negative,số âm, tính tiêu cực.,Nguồn: Elementary School Science - http://steinhardt.nyu.edu/scmsAdmin/media/users/xr1/glossaries/Science/Elementary/ele_4_science_vietnamese.pdf
nervous system,hệ thống thần kinh.,Nguồn: Elementary School Science - http://steinhardt.nyu.edu/scmsAdmin/media/users/xr1/glossaries/Science/Elementary/ele_4_science_vietnamese.pdf
neuron,dây thần kinh nơ-ron.,Nguồn: Elementary School Science - http://steinhardt.nyu.edu/scmsAdmin/media/users/xr1/glossaries/Science/Elementary/ele_4_science_vietnamese.pdf
niche,hốc tường, chỗ thích hợp.,Nguồn: Elementary School Science - http://steinhardt.nyu.edu/scmsAdmin/media/users/xr1/glossaries/Science/Elementary/ele_4_science_vietnamese.pdf
nimbus,"hào quang, mây mưa, quầng (mặt trăng, mặt trời).",Nguồn: Elementary School Science - http://steinhardt.nyu.edu/scmsAdmin/media/users/xr1/glossaries/Science/Elementary/ele_4_science_vietnamese.pdf
nonrenewable,không tái tạo được.,Nguồn: Elementary School Science - http://steinhardt.nyu.edu/scmsAdmin/media/users/xr1/glossaries/Science/Elementary/ele_4_science_vietnamese.pdf
nonrenewable energy resource,nguồn năng lượng không tái tạo được.,Nguồn: Elementary School Science - http://steinhardt.nyu.edu/scmsAdmin/media/users/xr1/glossaries/Science/Elementary/ele_4_science_vietnamese.pdf
nose,cái mũi.,Nguồn: Elementary School Science - http://steinhardt.nyu.edu/scmsAdmin/media/users/xr1/glossaries/Science/Elementary/ele_4_science_vietnamese.pdf
nucleus,"hạch, tâm tế bào (sinh học).",Nguồn: Elementary School Science - http://steinhardt.nyu.edu/scmsAdmin/media/users/xr1/glossaries/Science/Elementary/ele_4_science_vietnamese.pdf
nutrient,"dinh dưỡng, bổ dưỡng.",Nguồn: Elementary School Science - http://steinhardt.nyu.edu/scmsAdmin/media/users/xr1/glossaries/Science/Elementary/ele_4_science_vietnamese.pdf
objective lens,kiếng hội tụ.,Nguồn: Elementary School Science - http://steinhardt.nyu.edu/scmsAdmin/media/users/xr1/glossaries/Science/Elementary/ele_4_science_vietnamese.pdf
observation,sự quan sát, sự tiến hành, sự tuân theo, sự nhận xét.,Nguồn: Elementary School Science - http://steinhardt.nyu.edu/scmsAdmin/media/users/xr1/glossaries/Science/Elementary/ele_4_science_vietnamese.pdf
obtained,có, được, đạt được, thu được, kiếm được.,Nguồn: Elementary School Science - http://steinhardt.nyu.edu/scmsAdmin/media/users/xr1/glossaries/Science/Elementary/ele_4_science_vietnamese.pdf
occur,xảy ra.,Nguồn: Elementary School Science - http://steinhardt.nyu.edu/scmsAdmin/media/users/xr1/glossaries/Science/Elementary/ele_4_science_vietnamese.pdf
odor,mùi, mùi thơm, chất thơm.,Nguồn: Elementary School Science - http://steinhardt.nyu.edu/scmsAdmin/media/users/xr1/glossaries/Science/Elementary/ele_4_science_vietnamese.pdf
offspring,con cháu.,Nguồn: Elementary School Science - http://steinhardt.nyu.edu/scmsAdmin/media/users/xr1/glossaries/Science/Elementary/ele_4_science_vietnamese.pdf
omnivore,động vật ăn tạp.,Nguồn: Elementary School Science - http://steinhardt.nyu.edu/scmsAdmin/media/users/xr1/glossaries/Science/Elementary/ele_4_science_vietnamese.pdf
opinion,ý kiến.,Nguồn: Elementary School Science - http://steinhardt.nyu.edu/scmsAdmin/media/users/xr1/glossaries/Science/Elementary/ele_4_science_vietnamese.pdf
orbit,quỹ đạo.,Nguồn: Elementary School Science - http://steinhardt.nyu.edu/scmsAdmin/media/users/xr1/glossaries/Science/Elementary/ele_4_science_vietnamese.pdf
order,mệnh lệnh, ra lệnh, thứ bậc, chế độ, đơn đặt hàng.,Nguồn: Elementary School Science - http://steinhardt.nyu.edu/scmsAdmin/media/users/xr1/glossaries/Science/Elementary/ele_4_science_vietnamese.pdf
organ,bộ phận (cơ thể).,Nguồn: Elementary School Science - http://steinhardt.nyu.edu/scmsAdmin/media/users/xr1/glossaries/Science/Elementary/ele_4_science_vietnamese.pdf
organ system,hệ thống các bộ phận (cơ thể).,Nguồn: Elementary School Science - http://steinhardt.nyu.edu/scmsAdmin/media/users/xr1/glossaries/Science/Elementary/ele_4_science_vietnamese.pdf
organism,cơ thể sinh vật, cơ quan, tổ chức.,Nguồn: Elementary School Science - http://steinhardt.nyu.edu/scmsAdmin/media/users/xr1/glossaries/Science/Elementary/ele_4_science_vietnamese.pdf
original,"tính nguyên thủy, nguyên gốc.",Nguồn: Elementary School Science - http://steinhardt.nyu.edu/scmsAdmin/media/users/xr1/glossaries/Science/Elementary/ele_4_science_vietnamese.pdf
ovary,buồng trứng.,Nguồn: Elementary School Science - http://steinhardt.nyu.edu/scmsAdmin/media/users/xr1/glossaries/Science/Elementary/ele_4_science_vietnamese.pdf
overabundance,sự thừa thãi.,Nguồn: Elementary School Science - http://steinhardt.nyu.edu/scmsAdmin/media/users/xr1/glossaries/Science/Elementary/ele_4_science_vietnamese.pdf
ozone,khí ozone.,Nguồn: Elementary School Science - http://steinhardt.nyu.edu/scmsAdmin/media/users/xr1/glossaries/Science/Elementary/ele_4_science_vietnamese.pdf
parallel circuit,mạch điện song song.,Nguồn: Elementary School Science - http://steinhardt.nyu.edu/scmsAdmin/media/users/xr1/glossaries/Science/Elementary/ele_4_science_vietnamese.pdf
parasite,ký sinh trùng, vật ăn bám.,Nguồn: Elementary School Science - http://steinhardt.nyu.edu/scmsAdmin/media/users/xr1/glossaries/Science/Elementary/ele_4_science_vietnamese.pdf
pattern,mô hình, kiểu mẫu, mẫu hàng.,Nguồn: Elementary School Science - http://steinhardt.nyu.edu/scmsAdmin/media/users/xr1/glossaries/Science/Elementary/ele_4_science_vietnamese.pdf
"percent, percentage","phần trăm, tỷ lệ phần trăm.",Nguồn: Elementary School Science - http://steinhardt.nyu.edu/scmsAdmin/media/users/xr1/glossaries/Science/Elementary/ele_4_science_vietnamese.pdf
period,"kỳ, thời kỳ, giai đoạn, thời kỳ hành kinh, dấu chấm.",Nguồn: Elementary School Science - http://steinhardt.nyu.edu/scmsAdmin/media/users/xr1/glossaries/Science/Elementary/ele_4_science_vietnamese.pdf
permanent magnet,nam châm vĩnh viễn.,Nguồn: Elementary School Science - http://steinhardt.nyu.edu/scmsAdmin/media/users/xr1/glossaries/Science/Elementary/ele_4_science_vietnamese.pdf
phases,"các giai đoạn, phương diện, pha (lý, sinh).",Nguồn: Elementary School Science - http://steinhardt.nyu.edu/scmsAdmin/media/users/xr1/glossaries/Science/Elementary/ele_4_science_vietnamese.pdf
phenomena,"hiện tượng, sự việc phi thường, người phi thường.",Nguồn: Elementary School Science - http://steinhardt.nyu.edu/scmsAdmin/media/users/xr1/glossaries/Science/Elementary/ele_4_science_vietnamese.pdf
photosynthesis,sự quang hợp.,Nguồn: Elementary School Science - http://steinhardt.nyu.edu/scmsAdmin/media/users/xr1/glossaries/Science/Elementary/ele_4_science_vietnamese.pdf
physical change,"thay đổi về mặt vật lý, cơ thể, vật chất.",Nguồn: Elementary School Science - http://steinhardt.nyu.edu/scmsAdmin/media/users/xr1/glossaries/Science/Elementary/ele_4_science_vietnamese.pdf
physical property,"tính chất vật lý, vật chất.",Nguồn: Elementary School Science - http://steinhardt.nyu.edu/scmsAdmin/media/users/xr1/glossaries/Science/Elementary/ele_4_science_vietnamese.pdf
physical weathering,"tạo thời tiết, gió mưa bằng phương pháp vật lý.",Nguồn: Elementary School Science - http://steinhardt.nyu.edu/scmsAdmin/media/users/xr1/glossaries/Science/Elementary/ele_4_science_vietnamese.pdf
pie graph,biểu đồ tỷ lệ (hình tròn).,Nguồn: Elementary School Science - http://steinhardt.nyu.edu/scmsAdmin/media/users/xr1/glossaries/Science/Elementary/ele_4_science_vietnamese.pdf
pistil,nhụy hoa.,Nguồn: Elementary School Science - http://steinhardt.nyu.edu/scmsAdmin/media/users/xr1/glossaries/Science/Elementary/ele_4_science_vietnamese.pdf
pitch,sự ném, cách ném bóng (cricke).,Nguồn: Elementary School Science - http://steinhardt.nyu.edu/scmsAdmin/media/users/xr1/glossaries/Science/Elementary/ele_4_science_vietnamese.pdf
polar,địa cực, có cực (điện).,Nguồn: Elementary School Science - http://steinhardt.nyu.edu/scmsAdmin/media/users/xr1/glossaries/Science/Elementary/ele_4_science_vietnamese.pdf
pollen,phấn hoa.,Nguồn: Elementary School Science - http://steinhardt.nyu.edu/scmsAdmin/media/users/xr1/glossaries/Science/Elementary/ele_4_science_vietnamese.pdf
pollinate,cho thụ phấn, rắc phấn hoa.,Nguồn: Elementary School Science - http://steinhardt.nyu.edu/scmsAdmin/media/users/xr1/glossaries/Science/Elementary/ele_4_science_vietnamese.pdf
pollution,sự ô nhiễm môi trường.,Nguồn: Elementary School Science - http://steinhardt.nyu.edu/scmsAdmin/media/users/xr1/glossaries/Science/Elementary/ele_4_science_vietnamese.pdf
population,dân số.,Nguồn: Elementary School Science - http://steinhardt.nyu.edu/scmsAdmin/media/users/xr1/glossaries/Science/Elementary/ele_4_science_vietnamese.pdf
positive,số dương, tính tích cực.,Nguồn: Elementary School Science - http://steinhardt.nyu.edu/scmsAdmin/media/users/xr1/glossaries/Science/Elementary/ele_4_science_vietnamese.pdf
potential energy,năng lượng tiềm ẩn.,Nguồn: Elementary School Science - http://steinhardt.nyu.edu/scmsAdmin/media/users/xr1/glossaries/Science/Elementary/ele_4_science_vietnamese.pdf
precipitation,sự kết tủa.,Nguồn: Elementary School Science - http://steinhardt.nyu.edu/scmsAdmin/media/users/xr1/glossaries/Science/Elementary/ele_4_science_vietnamese.pdf
predator,thú ăn mồi sống.,Nguồn: Elementary School Science - http://steinhardt.nyu.edu/scmsAdmin/media/users/xr1/glossaries/Science/Elementary/ele_4_science_vietnamese.pdf
predict,"tiên đoán, dự đoán.",Nguồn: Elementary School Science - http://steinhardt.nyu.edu/scmsAdmin/media/users/xr1/glossaries/Science/Elementary/ele_4_science_vietnamese.pdf
prediction,"sự tiên đoán, sự dự đoán.",Nguồn: Elementary School Science - http://steinhardt.nyu.edu/scmsAdmin/media/users/xr1/glossaries/Science/Elementary/ele_4_science_vietnamese.pdf
presence,"sự hiên diện, sự có mặt.",Nguồn: Elementary School Science - http://steinhardt.nyu.edu/scmsAdmin/media/users/xr1/glossaries/Science/Elementary/ele_4_science_vietnamese.pdf
previous,"trước, vội vàng, hấp tấp.",Nguồn: Elementary School Science - http://steinhardt.nyu.edu/scmsAdmin/media/users/xr1/glossaries/Science/Elementary/ele_4_science_vietnamese.pdf
prey,mồi, con mồi, nạn nhân, rình mồi, cướp bóc, giày vò, làm hao mòn.,Nguồn: Elementary School Science - http://steinhardt.nyu.edu/scmsAdmin/media/users/xr1/glossaries/Science/Elementary/ele_4_science_vietnamese.pdf
primary,chính, nguyên thủy, gốc, căn bản, sơ đẳng, chủ yếu.,Nguồn: Elementary School Science - http://steinhardt.nyu.edu/scmsAdmin/media/users/xr1/glossaries/Science/Elementary/ele_4_science_vietnamese.pdf
probable,có thể có, có khả năng xảy ra, chắc hẳn, có lẽ thật.,Nguồn: Elementary School Science - http://steinhardt.nyu.edu/scmsAdmin/media/users/xr1/glossaries/Science/Elementary/ele_4_science_vietnamese.pdf
procedure,tiến trình, thủ tục tố tụng.,Nguồn: Elementary School Science - http://steinhardt.nyu.edu/scmsAdmin/media/users/xr1/glossaries/Science/Elementary/ele_4_science_vietnamese.pdf
process,quá trình, sự tiến hành, phương pháp, việc tố tụng, chế biến, gia công, kiện tụng, diễn hành, đi thành đoàn.,Nguồn: Elementary School Science - http://steinhardt.nyu.edu/scmsAdmin/media/users/xr1/glossaries/Science/Elementary/ele_4_science_vietnamese.pdf
producer,nhà sản xuất, nhà xuất bản.,Nguồn: Elementary School Science - http://steinhardt.nyu.edu/scmsAdmin/media/users/xr1/glossaries/Science/Elementary/ele_4_science_vietnamese.pdf
proton,hạt prô-ton (vật lý).,Nguồn: Elementary School Science - http://steinhardt.nyu.edu/scmsAdmin/media/users/xr1/glossaries/Science/Elementary/ele_4_science_vietnamese.pdf
provide,"cung cấp, chuẩn bị đầy đủ, quy định (pháp luật).",Nguồn: Elementary School Science - http://steinhardt.nyu.edu/scmsAdmin/media/users/xr1/glossaries/Science/Elementary/ele_4_science_vietnamese.pdf
pulley,cái ròng rọc, kéo bằng cái ròng rọc, móc ròng rọc vào.,Nguồn: Elementary School Science - http://steinhardt.nyu.edu/scmsAdmin/media/users/xr1/glossaries/Science/Elementary/ele_4_science_vietnamese.pdf
pupa,con nhộng, con rối.,Nguồn: Elementary School Science - http://steinhardt.nyu.edu/scmsAdmin/media/users/xr1/glossaries/Science/Elementary/ele_4_science_vietnamese.pdf
radiation,sự phóng xạ, sự tỏa ra, ánh sáng phát ra.,Nguồn: Elementary School Science - http://steinhardt.nyu.edu/scmsAdmin/media/users/xr1/glossaries/Science/Elementary/ele_4_science_vietnamese.pdf
rearrange,"sự sắp xếp lại, sự xếp đặt lại.",Nguồn: Elementary School Science - http://steinhardt.nyu.edu/scmsAdmin/media/users/xr1/glossaries/Science/Elementary/ele_4_science_vietnamese.pdf
reason,lý do, viện lý.,Nguồn: Elementary School Science - http://steinhardt.nyu.edu/scmsAdmin/media/users/xr1/glossaries/Science/Elementary/ele_4_science_vietnamese.pdf
receive,nhận, nhận được.,Nguồn: Elementary School Science - http://steinhardt.nyu.edu/scmsAdmin/media/users/xr1/glossaries/Science/Elementary/ele_4_science_vietnamese.pdf
record,hồ sơ biên bản (pháp luật), sự ghi chép, kỷ lục, thu băng, máy ghi âm.,Nguồn: Elementary School Science - http://steinhardt.nyu.edu/scmsAdmin/media/users/xr1/glossaries/Science/Elementary/ele_4_science_vietnamese.pdf
rectum,hậu môn, trực tràng.,Nguồn: Elementary School Science - http://steinhardt.nyu.edu/scmsAdmin/media/users/xr1/glossaries/Science/Elementary/ele_4_science_vietnamese.pdf
recycle,tái sử dụng, tái chế, tái sinh (vật phế liệu).,Nguồn: Elementary School Science - http://steinhardt.nyu.edu/scmsAdmin/media/users/xr1/glossaries/Science/Elementary/ele_4_science_vietnamese.pdf
reduce,giảm bớt lại, làm nhỏ đi, làm nghèo đi, chữa (y khoa).,Nguồn: Elementary School Science - http://steinhardt.nyu.edu/scmsAdmin/media/users/xr1/glossaries/Science/Elementary/ele_4_science_vietnamese.pdf
refer,tham khảo, ám chỉ, tìm đến, có liên quan tới, hỏi ý kiến, quy cho, chuyển đến, chỉ dẫn, dựa vào.,Nguồn: Elementary School Science - http://steinhardt.nyu.edu/scmsAdmin/media/users/xr1/glossaries/Science/Elementary/ele_4_science_vietnamese.pdf
reflect,phản ảnh, phản chiếu.,Nguồn: Elementary School Science - http://steinhardt.nyu.edu/scmsAdmin/media/users/xr1/glossaries/Science/Elementary/ele_4_science_vietnamese.pdf
refract,"khúc xạ, làm khúc xạ (vật lý).",Nguồn: Elementary School Science - http://steinhardt.nyu.edu/scmsAdmin/media/users/xr1/glossaries/Science/Elementary/ele_4_science_vietnamese.pdf
relationship,mối quan hệ, sự giao thiệp, tình thân thuộc.,Nguồn: Elementary School Science - http://steinhardt.nyu.edu/scmsAdmin/media/users/xr1/glossaries/Science/Elementary/ele_4_science_vietnamese.pdf
relative humidity,sự ẩm ướt tương đối, độ ẩm ướt tương đối.,Nguồn: Elementary School Science - http://steinhardt.nyu.edu/scmsAdmin/media/users/xr1/glossaries/Science/Elementary/ele_4_science_vietnamese.pdf
relevant,có liên quan tới, liên đới, thích đáng, thích hợp, xác đáng.,Nguồn: Elementary School Science - http://steinhardt.nyu.edu/scmsAdmin/media/users/xr1/glossaries/Science/Elementary/ele_4_science_vietnamese.pdf
remain the same,không thay đổi, vẫn vậy.,Nguồn: Elementary School Science - http://steinhardt.nyu.edu/scmsAdmin/media/users/xr1/glossaries/Science/Elementary/ele_4_science_vietnamese.pdf
renewable,có thể làm mới lại, có thể hồi phục lại, có thể đổi mới.,Nguồn: Elementary School Science - http://steinhardt.nyu.edu/scmsAdmin/media/users/xr1/glossaries/Science/Elementary/ele_4_science_vietnamese.pdf
renewable energy resource,tài nguyên năng lượng có thể tái tạo được.,Nguồn: Elementary School Science - http://steinhardt.nyu.edu/scmsAdmin/media/users/xr1/glossaries/Science/Elementary/ele_4_science_vietnamese.pdf
represent,tiêu biểu cho, đại diện cho, miêu tả, đóng kịch, cho là, tượng trưng cho.,Nguồn: Elementary School Science - http://steinhardt.nyu.edu/scmsAdmin/media/users/xr1/glossaries/Science/Elementary/ele_4_science_vietnamese.pdf
reproduce,tái sản xuất, làm sinh sôi nảy nở, sao chép.,Nguồn: Elementary School Science - http://steinhardt.nyu.edu/scmsAdmin/media/users/xr1/glossaries/Science/Elementary/ele_4_science_vietnamese.pdf
reproduction,sự tái sản xuất, sự làm sinh sôi nảy nở, sự sao chép.,Nguồn: Elementary School Science - http://steinhardt.nyu.edu/scmsAdmin/media/users/xr1/glossaries/Science/Elementary/ele_4_science_vietnamese.pdf
reptile,loài bò sát, người đê tiện, kẻ liếm gót (nịnh bợ).,Nguồn: Elementary School Science - http://steinhardt.nyu.edu/scmsAdmin/media/users/xr1/glossaries/Science/Elementary/ele_4_science_vietnamese.pdf
required,được yêu cầu, đòi hỏi, cần phải có.,Nguồn: Elementary School Science - http://steinhardt.nyu.edu/scmsAdmin/media/users/xr1/glossaries/Science/Elementary/ele_4_science_vietnamese.pdf
respiratory system,hệ thống hô hấp.,Nguồn: Elementary School Science - http://steinhardt.nyu.edu/scmsAdmin/media/users/xr1/glossaries/Science/Elementary/ele_4_science_vietnamese.pdf
response,"sự đáp lại, sự trả lời, sự phản ứng, sự hưởng ứng.",Nguồn: Elementary School Science - http://steinhardt.nyu.edu/scmsAdmin/media/users/xr1/glossaries/Science/Elementary/ele_4_science_vietnamese.pdf
responsible,có trách nhiệm.,Nguồn: Elementary School Science - http://steinhardt.nyu.edu/scmsAdmin/media/users/xr1/glossaries/Science/Elementary/ele_4_science_vietnamese.pdf
result,"kết quả, đáp số (toán), do, bởi, đưa đến kết quả là.",Nguồn: Elementary School Science - http://steinhardt.nyu.edu/scmsAdmin/media/users/xr1/glossaries/Science/Elementary/ele_4_science_vietnamese.pdf
reuse,tái sử dụng.,Nguồn: Elementary School Science - http://steinhardt.nyu.edu/scmsAdmin/media/users/xr1/glossaries/Science/Elementary/ele_4_science_vietnamese.pdf
revolve,quay tròn, xoay quanh (bánh xe), suy đi xét lại, làm cho quay tròn.,Nguồn: Elementary School Science - http://steinhardt.nyu.edu/scmsAdmin/media/users/xr1/glossaries/Science/Elementary/ele_4_science_vietnamese.pdf
rock,đá, tạo thành đá, điệu nhạc “rock”, cục đá, tiền, kẹo cứng, guồng quay chỉ, đá cục (để uống), khánh kiệt, tình trạng thảm hại.,Nguồn: Elementary School Science - http://steinhardt.nyu.edu/scmsAdmin/media/users/xr1/glossaries/Science/Elementary/ele_4_science_vietnamese.pdf
rock cycle,chu kỳ tạo thành đá.,Nguồn: Elementary School Science - http://steinhardt.nyu.edu/scmsAdmin/media/users/xr1/glossaries/Science/Elementary/ele_4_science_vietnamese.pdf
role,vai trò, đóng vai trò.,Nguồn: Elementary School Science - http://steinhardt.nyu.edu/scmsAdmin/media/users/xr1/glossaries/Science/Elementary/ele_4_science_vietnamese.pdf
root,"căn số (toán học), rễ, cội rễ, bén rễ, ăn sâu vào, trừ tận gốc, ủi đất, lục lọi, bới móc, cây có củ, gốc, căn nguyên, gốc từ (ngôn ngữ).",Nguồn: Elementary School Science - http://steinhardt.nyu.edu/scmsAdmin/media/users/xr1/glossaries/Science/Elementary/ele_4_science_vietnamese.pdf
rotate,"quay, xoay quanh, luân phiên nhau.",Nguồn: Elementary School Science - http://steinhardt.nyu.edu/scmsAdmin/media/users/xr1/glossaries/Science/Elementary/ele_4_science_vietnamese.pdf
runoff,trận đấu lại (sau một trận hòa).,Nguồn: Elementary School Science - http://steinhardt.nyu.edu/scmsAdmin/media/users/xr1/glossaries/Science/Elementary/ele_4_science_vietnamese.pdf
saliva,"nước miếng, nước bọt, nước dãi.",Nguồn: Elementary School Science - http://steinhardt.nyu.edu/scmsAdmin/media/users/xr1/glossaries/Science/Elementary/ele_4_science_vietnamese.pdf
salivate,"chảy nước miếng, chảy nước bọt, chảy nước dãi",Nguồn: Elementary School Science - http://steinhardt.nyu.edu/scmsAdmin/media/users/xr1/glossaries/Science/Elementary/ele_4_science_vietnamese.pdf
scale,"vảy (cá, rắn), lớp vỏ (cây), vật có hình vảy, cặn, lớp han rỉ (trên sắt), bựa (răng), chòm sao Thiên Bình.",Nguồn: Elementary School Science - http://steinhardt.nyu.edu/scmsAdmin/media/users/xr1/glossaries/Science/Elementary/ele_4_science_vietnamese.pdf
scientific inquiry,"sự khảo nghiệm, khảo sát về mặt khoa học, sự thẩm vấn gắt gao về mặt khoa học.",Nguồn: Elementary School Science - http://steinhardt.nyu.edu/scmsAdmin/media/users/xr1/glossaries/Science/Elementary/ele_4_science_vietnamese.pdf
scientific investigation,sự điều tra về mặt khoa học.,Nguồn: Elementary School Science - http://steinhardt.nyu.edu/scmsAdmin/media/users/xr1/glossaries/Science/Elementary/ele_4_science_vietnamese.pdf
scientific thinking,suy nghĩ có tính khoa học.,Nguồn: Elementary School Science - http://steinhardt.nyu.edu/scmsAdmin/media/users/xr1/glossaries/Science/Elementary/ele_4_science_vietnamese.pdf
screw,đinh vít, chân vịt (tàu bè), cánh quạt (máy bay), người bủn xỉn (tiếng lóng), tiền lương, ngựa gầy gò.,Nguồn: Elementary School Science - http://steinhardt.nyu.edu/scmsAdmin/media/users/xr1/glossaries/Science/Elementary/ele_4_science_vietnamese.pdf
seasons,"mùa (4 mùa trong năm), đúng vụ, đợt, mùa (trình diễn nghệ thuật).",Nguồn: Elementary School Science - http://steinhardt.nyu.edu/scmsAdmin/media/users/xr1/glossaries/Science/Elementary/ele_4_science_vietnamese.pdf
secondary,thứ yếu, thứ hạng hai, phụ, không quan trọng, người giữ chức phó.,Nguồn: Elementary School Science - http://steinhardt.nyu.edu/scmsAdmin/media/users/xr1/glossaries/Science/Elementary/ele_4_science_vietnamese.pdf
sediment,trầm tích (địa lý).,Nguồn: Elementary School Science - http://steinhardt.nyu.edu/scmsAdmin/media/users/xr1/glossaries/Science/Elementary/ele_4_science_vietnamese.pdf
sedimentary rock,đá trầm tích (địa lý).,Nguồn: Elementary School Science - http://steinhardt.nyu.edu/scmsAdmin/media/users/xr1/glossaries/Science/Elementary/ele_4_science_vietnamese.pdf
seed,hạt giống, tinh dịch, con cháu, nguyên nhân, mầm mống.,Nguồn: Elementary School Science - http://steinhardt.nyu.edu/scmsAdmin/media/users/xr1/glossaries/Science/Elementary/ele_4_science_vietnamese.pdf
seedling,gieo hạt giống, xuất tinh dịch, sinh con cháu, tạo nguyên nhân, sinh mầm mống.,Nguồn: Elementary School Science - http://steinhardt.nyu.edu/scmsAdmin/media/users/xr1/glossaries/Science/Elementary/ele_4_science_vietnamese.pdf
select,chọn lọc, tuyển lựa.,Nguồn: Elementary School Science - http://steinhardt.nyu.edu/scmsAdmin/media/users/xr1/glossaries/Science/Elementary/ele_4_science_vietnamese.pdf
sense organ,cơ quan giác quan, cơ quan tri giác, cơ quan có khả năng phán đoán.,Nguồn: Elementary School Science - http://steinhardt.nyu.edu/scmsAdmin/media/users/xr1/glossaries/Science/Elementary/ele_4_science_vietnamese.pdf
series circuit,mạch điện nối tiếp.,Nguồn: Elementary School Science - http://steinhardt.nyu.edu/scmsAdmin/media/users/xr1/glossaries/Science/Elementary/ele_4_science_vietnamese.pdf
sewage,nước cống, rác cống, chất thải.,Nguồn: Elementary School Science - http://steinhardt.nyu.edu/scmsAdmin/media/users/xr1/glossaries/Science/Elementary/ele_4_science_vietnamese.pdf
shape,"hình dạng, sự thể hiện cụ thể, hình thức, sự sắp xếp, bóng, khuôn.",Nguồn: Elementary School Science - http://steinhardt.nyu.edu/scmsAdmin/media/users/xr1/glossaries/Science/Elementary/ele_4_science_vietnamese.pdf
shield volcano,"cái mộc, tấm chắn núi lửa.",Nguồn: Elementary School Science - http://steinhardt.nyu.edu/scmsAdmin/media/users/xr1/glossaries/Science/Elementary/ele_4_science_vietnamese.pdf
shiver,run rẩy, rùng mình, đập vỡ, đánh vỡ, mảnh vỡ.,Nguồn: Elementary School Science - http://steinhardt.nyu.edu/scmsAdmin/media/users/xr1/glossaries/Science/Elementary/ele_4_science_vietnamese.pdf
significant,quan trọng, đầy ý nghĩa, đáng chú ý.,Nguồn: Elementary School Science - http://steinhardt.nyu.edu/scmsAdmin/media/users/xr1/glossaries/Science/Elementary/ele_4_science_vietnamese.pdf
similarity,sự tương tự.,Nguồn: Elementary School Science - http://steinhardt.nyu.edu/scmsAdmin/media/users/xr1/glossaries/Science/Elementary/ele_4_science_vietnamese.pdf
simple machine,máy móc đơn giản.,Nguồn: Elementary School Science - http://steinhardt.nyu.edu/scmsAdmin/media/users/xr1/glossaries/Science/Elementary/ele_4_science_vietnamese.pdf
situation,"tình trạng, tình huống, tình hình.",Nguồn: Elementary School Science - http://steinhardt.nyu.edu/scmsAdmin/media/users/xr1/glossaries/Science/Elementary/ele_4_science_vietnamese.pdf
skeletal muscle,bắp thịt xương.,Nguồn: Elementary School Science - http://steinhardt.nyu.edu/scmsAdmin/media/users/xr1/glossaries/Science/Elementary/ele_4_science_vietnamese.pdf
skeletal system,hệ thống xương.,Nguồn: Elementary School Science - http://steinhardt.nyu.edu/scmsAdmin/media/users/xr1/glossaries/Science/Elementary/ele_4_science_vietnamese.pdf
small intestine,ruột non.,Nguồn: Elementary School Science - http://steinhardt.nyu.edu/scmsAdmin/media/users/xr1/glossaries/Science/Elementary/ele_4_science_vietnamese.pdf
smooth muscle,"bắp thịt làm dịu, nhẹ nhàng.",Nguồn: Elementary School Science - http://steinhardt.nyu.edu/scmsAdmin/media/users/xr1/glossaries/Science/Elementary/ele_4_science_vietnamese.pdf
soil,"đất, phân (người, xúc vật).",Nguồn: Elementary School Science - http://steinhardt.nyu.edu/scmsAdmin/media/users/xr1/glossaries/Science/Elementary/ele_4_science_vietnamese.pdf
soil texture,cấu tạo đất.,Nguồn: Elementary School Science - http://steinhardt.nyu.edu/scmsAdmin/media/users/xr1/glossaries/Science/Elementary/ele_4_science_vietnamese.pdf
solar cell,"bộ phận chuyển nhiệt từ mặt trời thành nhiệt điện, tế bào nhiệt năng.",Nguồn: Elementary School Science - http://steinhardt.nyu.edu/scmsAdmin/media/users/xr1/glossaries/Science/Elementary/ele_4_science_vietnamese.pdf
solar system,hệ thống năng lượng mặt trời.,Nguồn: Elementary School Science - http://steinhardt.nyu.edu/scmsAdmin/media/users/xr1/glossaries/Science/Elementary/ele_4_science_vietnamese.pdf
solid,cứng, rắn, đặc, vững chắc, đồng nhất.,Nguồn: Elementary School Science - http://steinhardt.nyu.edu/scmsAdmin/media/users/xr1/glossaries/Science/Elementary/ele_4_science_vietnamese.pdf
solidification,sự cứng, sự rắn, đặc, sự vững chắc, sự đồng nhất.,Nguồn: Elementary School Science - http://steinhardt.nyu.edu/scmsAdmin/media/users/xr1/glossaries/Science/Elementary/ele_4_science_vietnamese.pdf
solubility,tính hòa tan được.,Nguồn: Elementary School Science - http://steinhardt.nyu.edu/scmsAdmin/media/users/xr1/glossaries/Science/Elementary/ele_4_science_vietnamese.pdf
solute,vật hòa tan.,Nguồn: Elementary School Science - http://steinhardt.nyu.edu/scmsAdmin/media/users/xr1/glossaries/Science/Elementary/ele_4_science_vietnamese.pdf
solution,sự hòa tan dung dịch, giải pháp.,Nguồn: Elementary School Science - http://steinhardt.nyu.edu/scmsAdmin/media/users/xr1/glossaries/Science/Elementary/ele_4_science_vietnamese.pdf
sound,âm thanh.,Nguồn: Elementary School Science - http://steinhardt.nyu.edu/scmsAdmin/media/users/xr1/glossaries/Science/Elementary/ele_4_science_vietnamese.pdf
sound recorder,máy thu âm.,Nguồn: Elementary School Science - http://steinhardt.nyu.edu/scmsAdmin/media/users/xr1/glossaries/Science/Elementary/ele_4_science_vietnamese.pdf
source,nguồn sống, nguồn suối, cội nguồn, nguồn gốc.,Nguồn: Elementary School Science - http://steinhardt.nyu.edu/scmsAdmin/media/users/xr1/glossaries/Science/Elementary/ele_4_science_vietnamese.pdf
species,loài (sinh vật), loại, hạng thứ, dạng, hình thái.,Nguồn: Elementary School Science - http://steinhardt.nyu.edu/scmsAdmin/media/users/xr1/glossaries/Science/Elementary/ele_4_science_vietnamese.pdf
specific,tính đặc trưng, dứt khoát, rõ ràng, theo trọng lượng (thuế hải quan), riêng (lý hóa), nét chính xác.,Nguồn: Elementary School Science - http://steinhardt.nyu.edu/scmsAdmin/media/users/xr1/glossaries/Science/Elementary/ele_4_science_vietnamese.pdf
speed,tốc độ, sự mau lẹ, sự thành công, sự thịnh vượng.,Nguồn: Elementary School Science - http://steinhardt.nyu.edu/scmsAdmin/media/users/xr1/glossaries/Science/Elementary/ele_4_science_vietnamese.pdf
spinal cord,cột sống.,Nguồn: Elementary School Science - http://steinhardt.nyu.edu/scmsAdmin/media/users/xr1/glossaries/Science/Elementary/ele_4_science_vietnamese.pdf
sponge,bọt biển, người uống rượu như hũ chìm, người ăn bám.,Nguồn: Elementary School Science - http://steinhardt.nyu.edu/scmsAdmin/media/users/xr1/glossaries/Science/Elementary/ele_4_science_vietnamese.pdf
spore,bào tử (sinh vật), mầm mống (nghĩa bóng).,Nguồn: Elementary School Science - http://steinhardt.nyu.edu/scmsAdmin/media/users/xr1/glossaries/Science/Elementary/ele_4_science_vietnamese.pdf
spring scale,vảy hình xoắn ốc.,Nguồn: Elementary School Science - http://steinhardt.nyu.edu/scmsAdmin/media/users/xr1/glossaries/Science/Elementary/ele_4_science_vietnamese.pdf
sprout,mọc lên, đâm chồi, nảy mầm, mầm cây, chồi.,Nguồn: Elementary School Science - http://steinhardt.nyu.edu/scmsAdmin/media/users/xr1/glossaries/Science/Elementary/ele_4_science_vietnamese.pdf
stages,các giai đoạn, bệ đài, vũ đài, sân khấu, tầng cấp, dàn cảnh, sắp xếp, tổ chức, trình diễn.,Nguồn: Elementary School Science - http://steinhardt.nyu.edu/scmsAdmin/media/users/xr1/glossaries/Science/Elementary/ele_4_science_vietnamese.pdf
stamen,nhụy hoa.,Nguồn: Elementary School Science - http://steinhardt.nyu.edu/scmsAdmin/media/users/xr1/glossaries/Science/Elementary/ele_4_science_vietnamese.pdf
star,"ngôi sao, vì sao, vật hình sao, ngôi sao (màn bạc, thể thao).",Nguồn: Elementary School Science - http://steinhardt.nyu.edu/scmsAdmin/media/users/xr1/glossaries/Science/Elementary/ele_4_science_vietnamese.pdf
state,"tình trạng, trạng thái, địa vị, tiểu bang, quốc gia, nghi thức long trọng, sự lo lắng.",Nguồn: Elementary School Science - http://steinhardt.nyu.edu/scmsAdmin/media/users/xr1/glossaries/Science/Elementary/ele_4_science_vietnamese.pdf
static charge,tình trạng bị điện giật do sự chuyển tiếp từ trạng thái tĩnh (không di chuyển) đến trạng thái di chuyển do lực ma sát khi di chuyển.,Nguồn: Elementary School Science - http://steinhardt.nyu.edu/scmsAdmin/media/users/xr1/glossaries/Science/Elementary/ele_4_science_vietnamese.pdf
static electricity,điện tĩnh (trong tình trạng từ trạng thái tĩnh sang động do sự ma sát).,Nguồn: Elementary School Science - http://steinhardt.nyu.edu/scmsAdmin/media/users/xr1/glossaries/Science/Elementary/ele_4_science_vietnamese.pdf
stem,"thân cây, cuống lá, ống tẩu, dòng họ, sừng non.",Nguồn: Elementary School Science - http://steinhardt.nyu.edu/scmsAdmin/media/users/xr1/glossaries/Science/Elementary/ele_4_science_vietnamese.pdf
stigma,vết nhơ, điều sỉ nhục, đầu nhụy (thực vật),Nguồn: Elementary School Science - http://steinhardt.nyu.edu/scmsAdmin/media/users/xr1/glossaries/Science/Elementary/ele_4_science_vietnamese.pdf
stimulus,sự kích thích, tác nhân kích thích, sự khuyến khích.,Nguồn: Elementary School Science - http://steinhardt.nyu.edu/scmsAdmin/media/users/xr1/glossaries/Science/Elementary/ele_4_science_vietnamese.pdf
stomach,bao tử.,Nguồn: Elementary School Science - http://steinhardt.nyu.edu/scmsAdmin/media/users/xr1/glossaries/Science/Elementary/ele_4_science_vietnamese.pdf
stopwatch,đồng hồ bấm giờ (để chạy đua),Nguồn: Elementary School Science - http://steinhardt.nyu.edu/scmsAdmin/media/users/xr1/glossaries/Science/Elementary/ele_4_science_vietnamese.pdf
strategy,chiến lược.,Nguồn: Elementary School Science - http://steinhardt.nyu.edu/scmsAdmin/media/users/xr1/glossaries/Science/Elementary/ele_4_science_vietnamese.pdf
strato,quân phiệt.,Nguồn: Elementary School Science - http://steinhardt.nyu.edu/scmsAdmin/media/users/xr1/glossaries/Science/Elementary/ele_4_science_vietnamese.pdf
stratus cloud,đám mây.,Nguồn: Elementary School Science - http://steinhardt.nyu.edu/scmsAdmin/media/users/xr1/glossaries/Science/Elementary/ele_4_science_vietnamese.pdf
streak,bột phân chất.,Nguồn: Elementary School Science - http://steinhardt.nyu.edu/scmsAdmin/media/users/xr1/glossaries/Science/Elementary/ele_4_science_vietnamese.pdf
structural adaptation,"sự thích ứng với cấu trúc hay kiến trúc, hay công trình công cộng.",Nguồn: Elementary School Science - http://steinhardt.nyu.edu/scmsAdmin/media/users/xr1/glossaries/Science/Elementary/ele_4_science_vietnamese.pdf
structure,"kiến trúc, cấu trúc, công trình công cộng.",Nguồn: Elementary School Science - http://steinhardt.nyu.edu/scmsAdmin/media/users/xr1/glossaries/Science/Elementary/ele_4_science_vietnamese.pdf
subsoil,"tầng đất, lớp đất ở dưới.",Nguồn: Elementary School Science - http://steinhardt.nyu.edu/scmsAdmin/media/users/xr1/glossaries/Science/Elementary/ele_4_science_vietnamese.pdf
substance,vật chất, chất, bản chất, nội dung, tính chất, của cải, tài sản.,Nguồn: Elementary School Science - http://steinhardt.nyu.edu/scmsAdmin/media/users/xr1/glossaries/Science/Elementary/ele_4_science_vietnamese.pdf
summarize,tóm lại, tóm tắt, tổng kết.,Nguồn: Elementary School Science - http://steinhardt.nyu.edu/scmsAdmin/media/users/xr1/glossaries/Science/Elementary/ele_4_science_vietnamese.pdf
support,trợ giúp, hỗ trợ, giúp đỡ, ủng hộ, khuyến khích, chống đỡ hay chịu đựng (vật nặng), cấp dưỡng.,Nguồn: Elementary School Science - http://steinhardt.nyu.edu/scmsAdmin/media/users/xr1/glossaries/Science/Elementary/ele_4_science_vietnamese.pdf
surface,bề mặt, bề ngoài, ở mặt biển, mặt (toán học), trên bộ, trên mặt đất, hời hợt (nghĩa bóng), trang trí mặt ngoài, cho nổi lên mặt nước.,Nguồn: Elementary School Science - http://steinhardt.nyu.edu/scmsAdmin/media/users/xr1/glossaries/Science/Elementary/ele_4_science_vietnamese.pdf
"survive, survival","sống sót, tồn tại, sự sống sót, người còn lại, tàn tích.",Nguồn: Elementary School Science - http://steinhardt.nyu.edu/scmsAdmin/media/users/xr1/glossaries/Science/Elementary/ele_4_science_vietnamese.pdf
sweat,mồ hôi, chảy mồ hôi, công việc vất vả, sự tập luyện cam khổ.,Nguồn: Elementary School Science - http://steinhardt.nyu.edu/scmsAdmin/media/users/xr1/glossaries/Science/Elementary/ele_4_science_vietnamese.pdf
switch,công tắc ngắt điện, cành cây mềm, mớ tóc độn.,Nguồn: Elementary School Science - http://steinhardt.nyu.edu/scmsAdmin/media/users/xr1/glossaries/Science/Elementary/ele_4_science_vietnamese.pdf
tadpole,con nòng nọc (động vật).,Nguồn: Elementary School Science - http://steinhardt.nyu.edu/scmsAdmin/media/users/xr1/glossaries/Science/Elementary/ele_4_science_vietnamese.pdf
tape measure,dây thước đo.,Nguồn: Elementary School Science - http://steinhardt.nyu.edu/scmsAdmin/media/users/xr1/glossaries/Science/Elementary/ele_4_science_vietnamese.pdf
temperate,có chừng mực, ôn hòa, đắn đo, giữ gìn lời nói.,Nguồn: Elementary School Science - http://steinhardt.nyu.edu/scmsAdmin/media/users/xr1/glossaries/Science/Elementary/ele_4_science_vietnamese.pdf
temperature,nhiệt độ.,Nguồn: Elementary School Science - http://steinhardt.nyu.edu/scmsAdmin/media/users/xr1/glossaries/Science/Elementary/ele_4_science_vietnamese.pdf
temporary magnet,"nam châm không vĩnh cửu, chỉ có tính nam châm tạm thời.",Nguồn: Elementary School Science - http://steinhardt.nyu.edu/scmsAdmin/media/users/xr1/glossaries/Science/Elementary/ele_4_science_vietnamese.pdf
theory,lý thuyết.,Nguồn: Elementary School Science - http://steinhardt.nyu.edu/scmsAdmin/media/users/xr1/glossaries/Science/Elementary/ele_4_science_vietnamese.pdf
thermometer,máy đo nhiệt hay nhiệt kế.,Nguồn: Elementary School Science - http://steinhardt.nyu.edu/scmsAdmin/media/users/xr1/glossaries/Science/Elementary/ele_4_science_vietnamese.pdf
thunderstorm,bão tố có sấm sét, giông bão.,Nguồn: Elementary School Science - http://steinhardt.nyu.edu/scmsAdmin/media/users/xr1/glossaries/Science/Elementary/ele_4_science_vietnamese.pdf
tissue,"tế bào, mô (sinh học), vải hay giấy mỏng.",Nguồn: Elementary School Science - http://steinhardt.nyu.edu/scmsAdmin/media/users/xr1/glossaries/Science/Elementary/ele_4_science_vietnamese.pdf
tool,dụng cụ, tay sai, chạm hay mạ, sử dụng dụng cụ.,Nguồn: Elementary School Science - http://steinhardt.nyu.edu/scmsAdmin/media/users/xr1/glossaries/Science/Elementary/ele_4_science_vietnamese.pdf
topsoil,tầng đất ở bề mặt (thường được dùng để trải ở trên mặt trước khi trải cỏ hay trồng cây).,Nguồn: Elementary School Science - http://steinhardt.nyu.edu/scmsAdmin/media/users/xr1/glossaries/Science/Elementary/ele_4_science_vietnamese.pdf
tornado,cơn lốc xoáy, cơn cuồng phong, cuộc biến loạn hay cơn bão táp (nghĩa bóng).,Nguồn: Elementary School Science - http://steinhardt.nyu.edu/scmsAdmin/media/users/xr1/glossaries/Science/Elementary/ele_4_science_vietnamese.pdf
trachea,khí quản.,Nguồn: Elementary School Science - http://steinhardt.nyu.edu/scmsAdmin/media/users/xr1/glossaries/Science/Elementary/ele_4_science_vietnamese.pdf
trait,"nét, điểm.",Nguồn: Elementary School Science - http://steinhardt.nyu.edu/scmsAdmin/media/users/xr1/glossaries/Science/Elementary/ele_4_science_vietnamese.pdf
transport,vận chuyển, chuyên chở (khách hay hàng hóa), sự chuyên chở, phương tiện đi lại.,Nguồn: Elementary School Science - http://steinhardt.nyu.edu/scmsAdmin/media/users/xr1/glossaries/Science/Elementary/ele_4_science_vietnamese.pdf
trial,việc xét xử, thử, điều thử thách, con đường mòn.,Nguồn: Elementary School Science - http://steinhardt.nyu.edu/scmsAdmin/media/users/xr1/glossaries/Science/Elementary/ele_4_science_vietnamese.pdf
tropical,nhiệt đới.,Nguồn: Elementary School Science - http://steinhardt.nyu.edu/scmsAdmin/media/users/xr1/glossaries/Science/Elementary/ele_4_science_vietnamese.pdf
troposphere,tầng đối lưu (địa lý).,Nguồn: Elementary School Science - http://steinhardt.nyu.edu/scmsAdmin/media/users/xr1/glossaries/Science/Elementary/ele_4_science_vietnamese.pdf
trough,máng ăn (cho súc vật), máng xối, chỗ lõm ở giữa.,Nguồn: Elementary School Science - http://steinhardt.nyu.edu/scmsAdmin/media/users/xr1/glossaries/Science/Elementary/ele_4_science_vietnamese.pdf
turbine,"tua-bin (máy chạy bằng sức ép hơi nước, nước)",Nguồn: Elementary School Science - http://steinhardt.nyu.edu/scmsAdmin/media/users/xr1/glossaries/Science/Elementary/ele_4_science_vietnamese.pdf
type,kiểu mẫu, kiểu, chữ in, nhân vật điển hình, đánh máy.,Nguồn: Elementary School Science - http://steinhardt.nyu.edu/scmsAdmin/media/users/xr1/glossaries/Science/Elementary/ele_4_science_vietnamese.pdf
unbalanced forces,các lực không cân đối.,Nguồn: Elementary School Science - http://steinhardt.nyu.edu/scmsAdmin/media/users/xr1/glossaries/Science/Elementary/ele_4_science_vietnamese.pdf
unequal,không cân bằng.,Nguồn: Elementary School Science - http://steinhardt.nyu.edu/scmsAdmin/media/users/xr1/glossaries/Science/Elementary/ele_4_science_vietnamese.pdf
universe,vũ trụ.,Nguồn: Elementary School Science - http://steinhardt.nyu.edu/scmsAdmin/media/users/xr1/glossaries/Science/Elementary/ele_4_science_vietnamese.pdf
vacuole,không bào.,Nguồn: Elementary School Science - http://steinhardt.nyu.edu/scmsAdmin/media/users/xr1/glossaries/Science/Elementary/ele_4_science_vietnamese.pdf
variable,biến số (toán học) có thể thay đổi, hay thay đổi, gió thay đổi (hải dương học).,Nguồn: Elementary School Science - http://steinhardt.nyu.edu/scmsAdmin/media/users/xr1/glossaries/Science/Elementary/ele_4_science_vietnamese.pdf
vegetable,rau, thực vật.,Nguồn: Elementary School Science - http://steinhardt.nyu.edu/scmsAdmin/media/users/xr1/glossaries/Science/Elementary/ele_4_science_vietnamese.pdf
vein,tĩnh mạch, gân lá cây, vân đá hay gỗ, mạch (mỏ),Nguồn: Elementary School Science - http://steinhardt.nyu.edu/scmsAdmin/media/users/xr1/glossaries/Science/Elementary/ele_4_science_vietnamese.pdf
vertebrate,động vật có xương sống.,Nguồn: Elementary School Science - http://steinhardt.nyu.edu/scmsAdmin/media/users/xr1/glossaries/Science/Elementary/ele_4_science_vietnamese.pdf
visible,có thể thấy được.,Nguồn: Elementary School Science - http://steinhardt.nyu.edu/scmsAdmin/media/users/xr1/glossaries/Science/Elementary/ele_4_science_vietnamese.pdf
volcano,núi lửa.,Nguồn: Elementary School Science - http://steinhardt.nyu.edu/scmsAdmin/media/users/xr1/glossaries/Science/Elementary/ele_4_science_vietnamese.pdf
voltmeter,đồng hồ đo hiệu suất điện thế.,Nguồn: Elementary School Science - http://steinhardt.nyu.edu/scmsAdmin/media/users/xr1/glossaries/Science/Elementary/ele_4_science_vietnamese.pdf
volume,thể tích, khối lượng, dung tích, âm lượng, quyển tập.,Nguồn: Elementary School Science - http://steinhardt.nyu.edu/scmsAdmin/media/users/xr1/glossaries/Science/Elementary/ele_4_science_vietnamese.pdf
water,nước.,Nguồn: Elementary School Science - http://steinhardt.nyu.edu/scmsAdmin/media/users/xr1/glossaries/Science/Elementary/ele_4_science_vietnamese.pdf
water cycle,"chu kỳ nước lên, xuống.",Nguồn: Elementary School Science - http://steinhardt.nyu.edu/scmsAdmin/media/users/xr1/glossaries/Science/Elementary/ele_4_science_vietnamese.pdf
water vapor,bốc hơi nước.,Nguồn: Elementary School Science - http://steinhardt.nyu.edu/scmsAdmin/media/users/xr1/glossaries/Science/Elementary/ele_4_science_vietnamese.pdf
wavelength,chiều dài sóng.,Nguồn: Elementary School Science - http://steinhardt.nyu.edu/scmsAdmin/media/users/xr1/glossaries/Science/Elementary/ele_4_science_vietnamese.pdf
weather,thời tiết.,Nguồn: Elementary School Science - http://steinhardt.nyu.edu/scmsAdmin/media/users/xr1/glossaries/Science/Elementary/ele_4_science_vietnamese.pdf
weathering,"đá bị biến dạng, xói mòn vì thời tiết.",Nguồn: Elementary School Science - http://steinhardt.nyu.edu/scmsAdmin/media/users/xr1/glossaries/Science/Elementary/ele_4_science_vietnamese.pdf
wedge,vật hình nêm, cái nêm, mũi nhọn, chia rẽ (nghĩa bóng).,Nguồn: Elementary School Science - http://steinhardt.nyu.edu/scmsAdmin/media/users/xr1/glossaries/Science/Elementary/ele_4_science_vietnamese.pdf
weight,trọng lượng, quả cân, quả lắc, sức chịu, sức mạnh, điểm trọng yếu.,Nguồn: Elementary School Science - http://steinhardt.nyu.edu/scmsAdmin/media/users/xr1/glossaries/Science/Elementary/ele_4_science_vietnamese.pdf
wheel and axle,bánh xe và trục bánh xe.,Nguồn: Elementary School Science - http://steinhardt.nyu.edu/scmsAdmin/media/users/xr1/glossaries/Science/Elementary/ele_4_science_vietnamese.pdf
wind,gió.,Nguồn: Elementary School Science - http://steinhardt.nyu.edu/scmsAdmin/media/users/xr1/glossaries/Science/Elementary/ele_4_science_vietnamese.pdf
wind vane,chong chóng gió, cánh quạt gió.,Nguồn: Elementary School Science - http://steinhardt.nyu.edu/scmsAdmin/media/users/xr1/glossaries/Science/Elementary/ele_4_science_vietnamese.pdf
